L,,,,,,,,,,,,,,,,,,,,,,,,,,,,,,,,,,,,,,,,,,,,,,,,,,,,,,,,,,,,,,,,,,,,,,,,,,,,,,,,,,,,,,,,,,,,,,,,,,,,,,,,,,,,,,,,,,,,,,,,,,,,,,,,,,,,,,,,,,,,,,,,,,,,,,,,,,,,,,,,,,,,,,,,,,,,,,,,,,,,,,,,,,,,,,,,,,,,,,,,,,,,,,,,,,,,,,,,,,,,,,,,,,
S/N,Term,Exercise,General Details,General Details,Signals,,Signals/ Optics,,,,,,,,,,,,,,,,,,,,,,,,,,Signal / Optics,Medic ,,,,Medic,Ammo,,Ammo,,,,,,,,,,,,,,,,,,,,,,,,,,,,,,,,,,,,,,,,,,,,,,,,,,,,,,,,,,,,,,,,,,,,,,,,,,,,,,,,,,,,,,,,,,,,,,,,,,,,,,,,,,,,Ammo,,,,,,,,,,,,,,,,,,,,,,Ammo,Ration,Ration,Transport,,,,,,,,,,,,,,,,,,,,,,,,,,,,,,,,,,,,Transport,,,,,,,,,,,,,,,,Others
,,,,,,,,,,,,,,,,,,,,,,,,,,,,,,,,,,,,,,,,,AMMO COLLECTION BASE,"REMARKS
(E.g. No. of Rounds for Demonstration)",General Details,Per Cadet,Per Group,Per Section,Per Platoon,Per Wing,Per Cadet,Per Group,Per Section,Per Platoon,Per Wing,Per Cadet,Per Group,Per Section,Per Platoon,Per Wing,Per Cadet,Per Group,Per Section,Per Platoon,Per Wing,Per Cadet,Per Group,Per Section,Per Platoon,Per Wing,Per Cadet,Per Group,Per Section,Per Platoon,Per Wing,Per Cadet,Per Group,Per Section,Per Platoon,Per Wing,Per Cadet,Per Group,Per Section,Per Platoon,Per Wing,Per Cadet,Per Group,Per Section,Per Platoon,Per Wing,Per Cadet,Per Group,Per Section,Per Platoon,Per Wing,Per Cadet,Per Group,Per Section,Per Platoon,Per Wing,Per Cadet,Per Group,Per Section,Per Platoon,Per Wing,Per Cadet,Per Group,Per Section,Per Platoon,Per Wing,Per Cadet,Per Group,Per Section,Per Platoon,Per Wing,Per Cadet,Per Group,Per Section,Per Platoon,Per Wing,Per Cadet,Per Group,Per Section,Per Platoon,Per Wing,Per Cadet,Per Group,Per Section,Per Platoon,Per Wing,Per Cadet,Per Group,Per Section,Per Platoon,Per Wing,Per Cadet,Per Group,Per Section,Per Platoon,Per Wing,Per Cadet,Per Group,Per Section,Per Platoon,Per Wing,Per Cadet,Per Group,Per Section,Per Platoon,Per Wing,Conventional Arms,Per Wing,Per Wing,Per Wing,Per Wing,Per Wing,Per Wing,Per Wing,Per Wing,Per Wing,Per Wing,Per Wing,Per Wing,Per Wing,Per Section,Per Wing,Per Wing,Demolition,Per Wing,Per Wing,Per Cadet,Others,,,,"Start:
Date / Timing","End:
Date / Timing",LUV (HQ),MB290 (HQ),LUV (PLC),SOUV,5-Ton,GP Car,"Other Vehicles (Boats, Trailers, F550)",TO,Reporting Venue,Destination Venue,Parkover,Remarks,Indent ID,Military,Date/Timing,,Venue,,20 - seater,40 - seater,60 - seater,1 way / 2 way / Disposal,POC + Contact Number,Indent ID,Civilian,RPL,,,,Fast Craft,,,,Tekong,,Stores,,,,,,,,,Stores,ICCT Instructors,SOC Key,Link Bridge Key,M1 Gate Key,Others,
,,,Area to Book,,Date of Collection,Date of Return,PRC 650,PRC 940,DIPOLE,AM78,VRC 947,TA427,SB22,RL11 + D10,WALKIE TALKIE ,TRS ,Signals,"BINOCULAR: 8 X 30, SWAROVSKI","BINOCULAR: 8 X MAGN, 30 MM","READER, MAP, BETALIGHT",COMPASS MAGNETIC,"LASER AIMING DEVICE, VISIBLE","LASER AIMING DEVICE, IR",BORELIGHT - BL (VIS),XTREK GPS,IN-REACH GPS,NVG,NVB,NIGHTHAWK,UTWS,RANGE FINDER,Optics,,"Start:
Date / Timing","End:
Date / Timing",Reporting Venue,No. Required,,Collection Date/Timing,Return Date/Timing,,,,CTG 5.56MM BLANK PLASTIC A1 ,,,,,"CARTRIDGE, 5.56 MM BALL, M193 ",,,,,"CARTRIDGE, 5.56 MM TRACER, M196 ",,,,,CART 7.62MM M/BLANK M82 LNK M13 250R/B,,,,,"7.62MM 4B1T,M13 LINK,250R/B ",,,,,CTG 40MM TP S406C ,,,,,CART 40MM ILLUM ,,,,,"CARTRIDGE,40MM HEDP-SD S408, IN M2A1 BOX",,,,,CART SUBCAL 18MM TRACER F/MATADOR ,,,,,LNCHR AND CART 90MM HEAT MATADOR A1 ,,,,,5.56MM MMR RED,,,,,5.56MM MMR BLUE,,,,,CTG SIG 16MM GREEN ,,,,,CTG SIG 16MM ILLUM ,,,,,CTG SIG 16MM RED ,,,,,FLARE SURFACE TRIPWIRE MK2 ,,,,,DIRECTIONAL FRAGMENTATION CHARGE M18A1 ,,,,,SIM THUNFLASH NON-ELEC ,,,,,"THUNDERFLASH,ELECTRIC ",,,,,GRENADE HAND SMOKE SCREENING N452 ,,,,,DEMO KIT BANGALORE TORPEDO NO 21 ,,,,,,"BOOSTER DEMOLITION CHARGE, PETN, NO. 1 ",CHARGE DEMOLITION TNT FLAKES ,CHGE DEMO BLK NO 3 0.5KG ,"CORD DETONATING, PETN(6000-7000 M/SEC) ",DEMO KIT PROJECTED LINE CHGE ,"DETONATOR,NON-ELEC NO.8 ","DETONATOR ELECTRIC,NO. 8 ","FDD NO.41,W/STAINLESS STL,INNER TUBE ","FUSE BLASTING,INSTANTANEOUS,30 M/SEC ","FUSE BLASTING TIME SAFETY,15.24M/EA ",IGN TIME BLAST FUSE NE ,MATCH SAFETY 1.9 INCH ,"PLASTIC EXPLOSIVE,PETN,125GM IN M2A1 BOX",RKT HAND FIRED 38MM ILLUM 400M ,RKT HAND FIRED PARACHUTE SIGNAL RED ,"SIMULATOR FLASH ARTILLERY, TNT ",,PELLET RIOT CONTROL AGENT SMOKE CS ,"SIGNAL,SMOKE:MARINE MK9 ","CARTRIDGE 9MM LUGER, SINTOX, BALL - 8G ",,,,,,,,,,,,,,,,,,,,,From,To,From,To,,,,,,,,Date,From,To,Vehicle Details (with Authorised Troops),Date,From,To,Vehicle Details (with Authorised Troops),,,MMR WCK & PPE,ACMS,UOCE,Heartlanders Tools,PANTES,Heli Belts,ALFRE,iPETS,POL,,,,,,,
1,,(*Click to Expand*),-,-,-,-,-,-,-,-,-,-,-,-,-,-,-,-,-,-,-,-,-,-,-,-,-,-,-,-,-,-,-,-,-,-,-,-,-,-,-,-,-,-,-,-,-,-,-,-,-,-,-,-,-,-,-,-,-,-,-,-,-,-,-,-,-,-,-,-,-,-,-,-,-,-,-,-,-,-,-,-,-,-,-,-,-,-,-,-,-,-,-,-,-,-,-,-,-,-,-,-,-,-,-,-,-,-,-,-,-,-,-,-,-,-,-,-,-,-,-,-,-,-,-,-,-,-,-,-,-,-,-,-,-,-,-,-,-,-,-,-,-,-,-,-,-,-,-,-,-,-,-,-,-,-,-,-,-,-,-,-,-,-,-,-,-,-,-,-,-,-,-,-,-,-,-,-,-,-,-,-,-,-,-,-,-,-,-,-,-,-,-,-,-,-,-,-,-,-,-,-,-,-,-,-,-,-,-,-,-,-,-,-,-,-,-,-,-,-,-,-,-,-,-,-
2,,(AIR) AIR FORCE MUSEUM VISIT,-,,,,0,0,0,0,0,0,0,0,0,0,,0,0,0,0,0,0,0,0,0,0,0,0,0,0,,,,,-,DMCC,,,,-,0,,0,0,0,0,0,0,0,0,0,0,0,0,0,0,0,0,0,0,0,0,0,0,0,0,0,0,0,0,0,0,0,0,0,0,0,0,0,0,0,0,0,0,0,0,0,0,0,0,0,0,0,0,0,0,0,0,0,0,0,0,0,0,0,0,0,0,0,0,0,0,0,0,0,0,0,0,0,0,0,0,0,0,0,0,0,0,0,0,0,0,0,0,0,0,0,0,0,0,0,0,0,0,0,0,0,,0,0,0,0,0,0,0,0,0,0,0,0,0,0,0,0,,0,0,0,,,-,,,,-,-,-,-,-,-,-,-,-,-,-,-,-,,-,-,SAFTI MI,AIR FORCE MUSEUM,-,2,-,2-WAY,-,-,Y,-,-,-,-,-,-,-,-,,Y,-,-,-,-,-,-,-,-,-,,-,-,-,-,-,
3,,(AIR) EXPERIENTIAL LEARNING,-,,,,0,0,0,0,0,0,0,0,0,0,,0,0,0,0,0,0,0,0,0,0,0,0,0,0,,,,,AMOY QUEE CAMP,1,Y,,,-,0,,0,0,0,0,0,0,0,0,0,0,0,0,0,0,0,0,0,0,0,0,0,0,0,0,0,0,0,0,0,0,0,0,0,0,0,0,0,0,0,0,0,0,0,0,0,0,0,0,0,0,0,0,0,0,0,0,0,0,0,0,0,0,0,0,0,0,0,0,0,0,0,0,0,0,0,0,0,0,0,0,0,0,0,0,0,0,0,0,0,0,0,0,0,0,0,0,0,0,0,0,0,0,0,0,0,,0,0,0,0,0,0,0,0,0,0,0,0,0,0,0,0,,0,0,0,,,-,,,,-,-,-,1,1,-,-,2,SAFTI MI,AMOY QUEE CAMP,Y,-,-,Y,-,-,SAFTI MI,AMOY QUEE CAMP,-,2,-,2-WAY,-,-,Y,-,-,-,-,-,-,-,-,,Y,-,-,-,-,-,-,-,-,-,,-,-,-,-,-,
4,,(AIR) NE TOUR,-,,,,0,0,0,0,0,0,0,0,0,0,,0,0,0,0,0,0,0,0,0,0,0,0,0,0,,,,,-,DMCC,,,,-,0,,0,0,0,0,0,0,0,0,0,0,0,0,0,0,0,0,0,0,0,0,0,0,0,0,0,0,0,0,0,0,0,0,0,0,0,0,0,0,0,0,0,0,0,0,0,0,0,0,0,0,0,0,0,0,0,0,0,0,0,0,0,0,0,0,0,0,0,0,0,0,0,0,0,0,0,0,0,0,0,0,0,0,0,0,0,0,0,0,0,0,0,0,0,0,0,0,0,0,0,0,0,0,0,0,0,,0,0,0,0,0,0,0,0,0,0,0,0,0,0,0,0,,0,0,0,,,-,,,,-,-,-,-,-,-,-,-,-,-,-,-,-,,-,-,SAFTI MI,ISLAND WIDE,1,2,-,DISPOSAL,-,-,Y,-,-,-,-,-,-,-,-,,Y,-,-,-,-,-,-,-,-,-,,-,-,-,-,-,
5,,(AIR) SPORTS AND GAMES,-,,-,-,0,0,0,0,0,0,0,0,0,0,,0,0,0,0,0,0,0,0,0,0,0,0,0,0,,,-,-,-,DMCC,,-,-,-,0,,0,0,0,0,0,0,0,0,0,0,0,0,0,0,0,0,0,0,0,0,0,0,0,0,0,0,0,0,0,0,0,0,0,0,0,0,0,0,0,0,0,0,0,0,0,0,0,0,0,0,0,0,0,0,0,0,0,0,0,0,0,0,0,0,0,0,0,0,0,0,0,0,0,0,0,0,0,0,0,0,0,0,0,0,0,0,0,0,0,0,0,0,0,0,0,0,0,0,0,0,0,0,0,0,0,,0,0,0,0,0,0,0,0,0,0,0,0,0,0,0,0,,0,0,0,,,-,,-,-,-,-,-,-,-,-,-,-,-,-,-,-,-,,-,-,-,-,-,-,-,-,-,-,,-,-,-,-,-,-,-,-,,,-,-,-,-,-,-,-,-,-,,-,-,-,-,-,
6,,(AIR) VISIT TO APGC (PLAB),-,,,,0,0,0,0,0,0,0,0,0,0,,0,0,0,0,0,0,0,0,0,0,0,0,0,0,,,,,-,DMCC,,,,-,0,,0,0,0,0,0,0,0,0,0,0,0,0,0,0,0,0,0,0,0,0,0,0,0,0,0,0,0,0,0,0,0,0,0,0,0,0,0,0,0,0,0,0,0,0,0,0,0,0,0,0,0,0,0,0,0,0,0,0,0,0,0,0,0,0,0,0,0,0,0,0,0,0,0,0,0,0,0,0,0,0,0,0,0,0,0,0,0,0,0,0,0,0,0,0,0,0,0,0,0,0,0,0,0,0,0,,0,0,0,0,0,0,0,0,0,0,0,0,0,0,0,0,,0,0,0,,,-,,,,-,-,-,-,-,-,-,-,-,-,-,-,-,,-,-,SAFTI MI,PAYA LEBAR AIRBASE,-,2,-,DISPOSAL,-,-,Y,-,-,-,-,-,-,-,-,,Y,-,-,-,-,-,-,-,-,-,,-,-,-,-,-,
7,,(AIR) VISIT TO PC - DAG & 165 SQN,-,,,,0,0,0,0,0,0,0,0,0,0,,0,0,0,0,0,0,0,0,0,0,0,0,0,0,,,,,-,DMCC,,,,-,0,,0,0,0,0,0,0,0,0,0,0,0,0,0,0,0,0,0,0,0,0,0,0,0,0,0,0,0,0,0,0,0,0,0,0,0,0,0,0,0,0,0,0,0,0,0,0,0,0,0,0,0,0,0,0,0,0,0,0,0,0,0,0,0,0,0,0,0,0,0,0,0,0,0,0,0,0,0,0,0,0,0,0,0,0,0,0,0,0,0,0,0,0,0,0,0,0,0,0,0,0,0,0,0,0,0,,0,0,0,0,0,0,0,0,0,0,0,0,0,0,0,0,,0,0,0,,,-,,,,-,-,-,-,-,-,-,-,-,-,-,-,-,,-,-,SAFTI MI,CHONG PANG CAMP,-,2,-,2-WAY,-,-,Y,-,-,-,-,-,-,-,-,,Y,-,-,-,-,-,-,-,-,-,,-,-,-,-,-,
8,,(AIR) VISIT TO PC - HELI G,-,,,,0,0,0,0,0,0,0,0,0,0,,0,0,0,0,0,0,0,0,0,0,0,0,0,0,,,,,-,DMCC,,,,-,0,,0,0,0,0,0,0,0,0,0,0,0,0,0,0,0,0,0,0,0,0,0,0,0,0,0,0,0,0,0,0,0,0,0,0,0,0,0,0,0,0,0,0,0,0,0,0,0,0,0,0,0,0,0,0,0,0,0,0,0,0,0,0,0,0,0,0,0,0,0,0,0,0,0,0,0,0,0,0,0,0,0,0,0,0,0,0,0,0,0,0,0,0,0,0,0,0,0,0,0,0,0,0,0,0,0,,0,0,0,0,0,0,0,0,0,0,0,0,0,0,0,0,,0,0,0,,,-,,,,-,-,-,-,-,-,-,-,-,-,-,-,-,,-,-,SAFTI MI,SEMBAWANG AIRBASE,-,2,-,DISPOSAL,-,-,Y,-,-,-,-,-,-,-,-,,Y,-,-,-,-,-,-,-,-,-,,-,-,-,-,-,
9,,(MIDS) AR15 TRAINING,-,,,,0,0,0,0,0,0,0,0,0,0,,0,0,0,0,0,0,0,0,0,0,0,0,0,0,,,,,-,DMCC,,,,-,0,,0,0,0,0,0,0,0,0,0,0,0,0,0,0,0,0,0,0,0,0,0,0,0,0,0,0,0,0,0,0,0,0,0,0,0,0,0,0,0,0,0,0,0,0,0,0,0,0,0,0,0,0,0,0,0,0,0,0,0,0,0,0,0,0,0,0,0,0,0,0,0,0,0,0,0,0,0,0,0,0,0,0,0,0,0,0,0,0,0,0,0,0,0,0,0,0,0,0,0,0,0,0,0,0,0,,0,0,0,0,0,0,0,0,0,0,0,0,0,0,0,0,,0,0,0,,,-,,,,-,-,-,-,-,-,-,-,-,-,-,-,-,,-,-,SAFTI MI,CHANGI NAVAL BASE,-,1,-,DISPOSAL / 1-WAY,-,-,Y,-,-,-,-,-,-,-,-,,Y,-,-,-,-,-,-,-,-,-,,-,-,-,-,-,
10,,(MIDS) CIS50MG TRAINING,-,,,,0,0,0,0,0,0,0,0,0,0,,0,0,0,0,0,0,0,0,0,0,0,0,0,0,,,,,-,DMCC,,,,-,0,,0,0,0,0,0,0,0,0,0,0,0,0,0,0,0,0,0,0,0,0,0,0,0,0,0,0,0,0,0,0,0,0,0,0,0,0,0,0,0,0,0,0,0,0,0,0,0,0,0,0,0,0,0,0,0,0,0,0,0,0,0,0,0,0,0,0,0,0,0,0,0,0,0,0,0,0,0,0,0,0,0,0,0,0,0,0,0,0,0,0,0,0,0,0,0,0,0,0,0,0,0,0,0,0,0,,0,0,0,0,0,0,0,0,0,0,0,0,0,0,0,0,,0,0,0,,,-,,,,-,-,-,-,-,-,-,-,-,-,-,-,-,,-,-,SAFTI MI,CHANGI NAVAL BASE,-,1,-,DISPOSAL / 1-WAY,-,-,Y,-,-,-,-,-,-,-,-,,Y,-,-,-,-,-,-,-,-,-,,-,-,-,-,-,
11,,(MIDS) COMEX,-,,,,0,0,0,0,0,0,0,0,0,0,,0,0,0,0,0,0,0,0,0,0,0,0,0,0,,,,,SEMBAWANG CAMP,2,Y,,,PLAD,0,,0,0,0,0,0,0,0,0,0,0,0,0,0,0,0,0,0,0,0,0,0,0,0,0,0,0,0,0,0,0,0,0,0,0,0,0,0,0,0,0,0,0,0,0,0,0,0,0,0,0,0,0,0,0,0,0,0,0,0,0,0,0,0,0,0,0,0,0,0,24,0,0,0,0,24,0,0,0,0,0,0,0,0,0,0,0,0,0,0,0,0,0,0,0,0,0,0,0,0,0,0,0,0,0,0,Y,0,0,0,0,0,0,0,0,0,0,0,0,0,0,0,0,,0,24,0,Y,Y,-,,,,-,-,-,-,-,-,-,-,-,-,-,-,-,,-,-,SAFTI MI,SEMBAWANG CAMP (NDU),-,2,-,1-WAY,-,-,Y,-,-,-,-,-,-,-,-,,Y,-,-,-,-,-,-,-,-,-,,-,-,-,-,-,
12,,(MIDS) DAMAGE CONTROL TRAINING,-,,,,0,0,0,0,0,0,0,0,0,0,,0,0,0,0,0,0,0,0,0,0,0,0,0,0,,,,,-,DMCC,,,,-,0,,0,0,0,0,0,0,0,0,0,0,0,0,0,0,0,0,0,0,0,0,0,0,0,0,0,0,0,0,0,0,0,0,0,0,0,0,0,0,0,0,0,0,0,0,0,0,0,0,0,0,0,0,0,0,0,0,0,0,0,0,0,0,0,0,0,0,0,0,0,0,0,0,0,0,0,0,0,0,0,0,0,0,0,0,0,0,0,0,0,0,0,0,0,0,0,0,0,0,0,0,0,0,0,0,0,,0,0,0,0,0,0,0,0,0,0,0,0,0,0,0,0,,0,0,0,,,-,,,,-,-,-,-,-,-,-,-,-,-,-,-,-,,-,-,SAFTI MI,CHANGI NAVAL BASE,-,1,-,DISPOSAL / 1-WAY,-,-,Y,-,-,-,-,-,-,-,-,,Y,-,-,-,-,-,-,-,-,-,,-,-,-,-,-,
13,,(MIDS) FIRE FIGHTING PRACTICAL,-,,,,0,0,0,0,0,0,0,0,0,0,,0,0,0,0,0,0,0,0,0,0,0,0,0,0,,,,,-,DMCC,,,,-,0,,0,0,0,0,0,0,0,0,0,0,0,0,0,0,0,0,0,0,0,0,0,0,0,0,0,0,0,0,0,0,0,0,0,0,0,0,0,0,0,0,0,0,0,0,0,0,0,0,0,0,0,0,0,0,0,0,0,0,0,0,0,0,0,0,0,0,0,0,0,0,0,0,0,0,0,0,0,0,0,0,0,0,0,0,0,0,0,0,0,0,0,0,0,0,0,0,0,0,0,0,0,0,0,0,0,,0,0,0,0,0,0,0,0,0,0,0,0,0,0,0,0,,0,0,0,,,-,,,,-,-,-,-,-,-,-,-,-,-,-,-,-,,-,-,SAFTI MI,HOME TEAM TACTICAL CENTRE,-,1,-,2-WAY,-,-,Y,-,-,-,-,-,-,-,-,,Y,-,-,-,-,-,-,-,-,-,,-,-,-,-,-,
14,,(MIDS) FMSS NAVAL TRAINING,-,,-,-,0,0,0,0,0,0,0,0,0,0,,0,0,0,0,0,0,0,0,0,0,0,0,0,0,,,,,-,DMCC,,,,-,0,,0,0,0,0,0,0,0,0,0,0,0,0,0,0,0,0,0,0,0,0,0,0,0,0,0,0,0,0,0,0,0,0,0,0,0,0,0,0,0,0,0,0,0,0,0,0,0,0,0,0,0,0,0,0,0,0,0,0,0,0,0,0,0,0,0,0,0,0,0,0,0,0,0,0,0,0,0,0,0,0,0,0,0,0,0,0,0,0,0,0,0,0,0,0,0,0,0,0,0,0,0,0,0,0,0,,0,0,0,0,0,0,0,0,0,0,0,0,0,0,0,0,,0,0,0,,,-,,,,-,-,-,-,-,-,-,-,-,-,-,-,-,,-,-,TUAS NAVAL BASE,CHANGI NAVAL BASE,1,-,-,DISPOSAL / 1-WAY,-,-,Y,-,-,-,-,-,-,-,-,,Y,-,-,-,-,-,-,-,-,-,,-,-,-,-,-,
15,,(MIDS) IMT (NEE SOON CAMP),NEE SOON CAMP,,-,-,0,0,0,0,0,0,0,0,0,0,,0,0,0,0,0,0,0,0,0,0,0,0,0,0,,,,,-,DMCC,,,,-,0,,0,0,0,0,0,0,0,0,0,0,0,0,0,0,0,0,0,0,0,0,0,0,0,0,0,0,0,0,0,0,0,0,0,0,0,0,0,0,0,0,0,0,0,0,0,0,0,0,0,0,0,0,0,0,0,0,0,0,0,0,0,0,0,0,0,0,0,0,0,0,0,0,0,0,0,0,0,0,0,0,0,0,0,0,0,0,0,0,0,0,0,0,0,0,0,0,0,0,0,0,0,0,0,0,0,,0,0,0,0,0,0,0,0,0,0,0,0,0,0,0,0,,0,0,0,,,-,,,,-,-,-,-,-,-,-,-,-,-,-,-,-,,-,-,SAFTI MI,NEE SOON CAMP,,3,,2-WAY,-,-,Y,-,-,-,-,-,-,-,-,,Y,-,-,-,-,-,-,-,-,-,,-,-,-,-,-,
16,,(MIDS) MOBILE CRANE TRAINING,-,,,,0,0,0,0,0,0,0,0,0,0,,0,0,0,0,0,0,0,0,0,0,0,0,0,0,,,,,-,DMCC,,,,-,0,,0,0,0,0,0,0,0,0,0,0,0,0,0,0,0,0,0,0,0,0,0,0,0,0,0,0,0,0,0,0,0,0,0,0,0,0,0,0,0,0,0,0,0,0,0,0,0,0,0,0,0,0,0,0,0,0,0,0,0,0,0,0,0,0,0,0,0,0,0,0,0,0,0,0,0,0,0,0,0,0,0,0,0,0,0,0,0,0,0,0,0,0,0,0,0,0,0,0,0,0,0,0,0,0,0,,0,0,0,0,0,0,0,0,0,0,0,0,0,0,0,0,,0,0,0,,,-,,,,-,-,-,-,-,-,-,-,-,-,-,-,-,,-,-,SAFTI MI,CHANGI NAVAL BASE,-,1,-,DISPOAL / 1-WAY,-,-,Y,-,-,-,-,-,-,-,-,,Y,-,-,-,-,-,-,-,-,-,,-,-,-,-,-,
17,,(MIDS) MSTD LOADING DAY,-,,,,0,0,0,0,0,0,0,0,0,0,,0,0,0,0,0,0,0,0,0,0,0,0,0,0,,,,,-,DMCC,,,,-,0,,0,0,0,0,0,0,0,0,0,0,0,0,0,0,0,0,0,0,0,0,0,0,0,0,0,0,0,0,0,0,0,0,0,0,0,0,0,0,0,0,0,0,0,0,0,0,0,0,0,0,0,0,0,0,0,0,0,0,0,0,0,0,0,0,0,0,0,0,0,0,0,0,0,0,0,0,0,0,0,0,0,0,0,0,0,0,0,0,0,0,0,0,0,0,0,0,0,0,0,0,0,0,0,0,0,,0,0,0,0,0,0,0,0,0,0,0,0,0,0,0,0,,0,0,0,,,-,,,,-,-,-,-,3,-,-,3,SAFTI MI,CHANGI NAVAL BASE,Y,-,-,Y,-,-,SAFTI MI,CHANGI NAVAL BASE,-,1,-,DISPOSAL,-,-,Y,-,-,-,-,-,-,-,-,,Y,-,-,-,-,-,-,-,-,-,,-,-,-,-,-,
18,,(MIDS) MSTD UNLOADING DAY,-,,,,0,0,0,0,0,0,0,0,0,0,,0,0,0,0,0,0,0,0,0,0,0,0,0,0,,,,,-,DMCC,,,,-,0,,0,0,0,0,0,0,0,0,0,0,0,0,0,0,0,0,0,0,0,0,0,0,0,0,0,0,0,0,0,0,0,0,0,0,0,0,0,0,0,0,0,0,0,0,0,0,0,0,0,0,0,0,0,0,0,0,0,0,0,0,0,0,0,0,0,0,0,0,0,0,0,0,0,0,0,0,0,0,0,0,0,0,0,0,0,0,0,0,0,0,0,0,0,0,0,0,0,0,0,0,0,0,0,0,0,,0,0,0,0,0,0,0,0,0,0,0,0,0,0,0,0,,0,0,0,,,-,,,,-,-,-,-,-,-,-,-,-,-,-,-,-,,-,-,SAFTI MI,CHANGI NAVAL BASE,-,1,-,DISPOSAL / 1-WAY,-,-,Y,-,-,-,-,-,-,-,-,,Y,-,-,-,-,-,-,-,-,-,,-,-,-,-,-,
19,,(MIDS) NAVAL MUSEUM VISIT,-,,,,0,0,0,0,0,0,0,0,0,0,,0,0,0,0,0,0,0,0,0,0,0,0,0,0,,,,,-,DMCC,,,,-,0,,0,0,0,0,0,0,0,0,0,0,0,0,0,0,0,0,0,0,0,0,0,0,0,0,0,0,0,0,0,0,0,0,0,0,0,0,0,0,0,0,0,0,0,0,0,0,0,0,0,0,0,0,0,0,0,0,0,0,0,0,0,0,0,0,0,0,0,0,0,0,0,0,0,0,0,0,0,0,0,0,0,0,0,0,0,0,0,0,0,0,0,0,0,0,0,0,0,0,0,0,0,0,0,0,0,,0,0,0,0,0,0,0,0,0,0,0,0,0,0,0,0,,0,0,0,,,-,,,,-,-,-,-,-,-,-,-,-,-,-,-,-,,-,-,SAFTI MI/MIDS,CHANGI NAVAL BASE,,1,,DISPOSAL / 1-WAY,-,-,Y,-,-,-,-,-,-,-,-,,Y,-,-,-,-,-,-,-,-,-,,-,-,-,-,-,
20,,(MIDS) NAVAL TRAINING - MOVING TO NMI,-,,-,-,0,0,0,0,0,0,0,0,0,0,,0,0,0,0,0,0,0,0,0,0,0,0,0,0,,,,,-,DMCC,,,,-,0,,0,0,0,0,0,0,0,0,0,0,0,0,0,0,0,0,0,0,0,0,0,0,0,0,0,0,0,0,0,0,0,0,0,0,0,0,0,0,0,0,0,0,0,0,0,0,0,0,0,0,0,0,0,0,0,0,0,0,0,0,0,0,0,0,0,0,0,0,0,0,0,0,0,0,0,0,0,0,0,0,0,0,0,0,0,0,0,0,0,0,0,0,0,0,0,0,0,0,0,0,0,0,0,0,0,,0,0,0,0,0,0,0,0,0,0,0,0,0,0,0,0,,0,0,0,,,-,,,,-,-,-,-,-,-,-,-,-,-,-,-,-,,-,-,SAFTI MI,CHANGI NAVAL BASE,-,2,-,1-WAY,-,-,Y,-,-,-,-,-,-,-,-,,Y,-,-,-,-,-,-,-,-,-,,-,-,-,-,-,
21,,(MIDS) NAVAL TRAINING - MOVING TO TUAS,-,,-,-,0,0,0,0,0,0,0,0,0,0,,0,0,0,0,0,0,0,0,0,0,0,0,0,0,,,,,-,DMCC,,,,-,0,,0,0,0,0,0,0,0,0,0,0,0,0,0,0,0,0,0,0,0,0,0,0,0,0,0,0,0,0,0,0,0,0,0,0,0,0,0,0,0,0,0,0,0,0,0,0,0,0,0,0,0,0,0,0,0,0,0,0,0,0,0,0,0,0,0,0,0,0,0,0,0,0,0,0,0,0,0,0,0,0,0,0,0,0,0,0,0,0,0,0,0,0,0,0,0,0,0,0,0,0,0,0,0,0,0,,0,0,0,0,0,0,0,0,0,0,0,0,0,0,0,0,,0,0,0,,,-,,,,-,-,-,-,-,-,-,-,-,-,-,-,-,,-,-,SAFTI MI/MIDS,TUAS NAVAL BASE,-,1,-,1-WAY,-,-,Y,-,-,-,-,-,-,-,-,,Y,-,-,-,-,-,-,-,-,-,,-,-,-,-,-,
22,,(MIDS) NAVAL TRAINING - RETURNING TO OCS,-,,,,0,0,0,0,0,0,0,0,0,0,,0,0,0,0,0,0,0,0,0,0,0,0,0,0,,,,,-,DMCC,,,,-,0,,0,0,0,0,0,0,0,0,0,0,0,0,0,0,0,0,0,0,0,0,0,0,0,0,0,0,0,0,0,0,0,0,0,0,0,0,0,0,0,0,0,0,0,0,0,0,0,0,0,0,0,0,0,0,0,0,0,0,0,0,0,0,0,0,0,0,0,0,0,0,0,0,0,0,0,0,0,0,0,0,0,0,0,0,0,0,0,0,0,0,0,0,0,0,0,0,0,0,0,0,0,0,0,0,0,,0,0,0,0,0,0,0,0,0,0,0,0,0,0,0,0,,0,0,0,,,-,,,,-,-,-,-,-,-,-,-,-,-,-,-,-,,-,-,CHANGI NAVAL BASE,SAFTI MI,-,1,-,2-WAY,-,-,Y,-,-,-,-,-,-,-,-,,Y,-,-,-,-,-,-,-,-,-,,-,-,-,-,-,
23,,(MIDS) NAVAL TRAINING / INDUCTION PROGRAMME,-,,,,0,0,0,0,0,0,0,0,0,0,,0,0,0,0,0,0,0,0,0,0,0,0,0,0,,,,,-,DMCC,,,,-,0,,0,0,0,0,0,0,0,0,0,0,0,0,0,0,0,0,0,0,0,0,0,0,0,0,0,0,0,0,0,0,0,0,0,0,0,0,0,0,0,0,0,0,0,0,0,0,0,0,0,0,0,0,0,0,0,0,0,0,0,0,0,0,0,0,0,0,0,0,0,0,0,0,0,0,0,0,0,0,0,0,0,0,0,0,0,0,0,0,0,0,0,0,0,0,0,0,0,0,0,0,0,0,0,0,0,,0,0,0,0,0,0,0,0,0,0,0,0,0,0,0,0,,0,0,0,,,-,,,,-,-,-,-,-,-,-,-,-,-,-,-,-,,-,-,CHANGI NAVAL BASE,SAFTI MI,1,-,-,2-WAY,-,-,Y,-,-,-,-,-,-,-,-,,Y,-,-,-,-,-,-,-,-,-,,-,-,-,-,-,
24,,(MIDS) NAVAL TRAINING / KEEL LAYING CEREMONY,-,,,,0,0,0,0,0,0,0,0,0,0,,0,0,0,0,0,0,0,0,0,0,0,0,0,0,,,,,-,DMCC,,,,-,0,,0,0,0,0,0,0,0,0,0,0,0,0,0,0,0,0,0,0,0,0,0,0,0,0,0,0,0,0,0,0,0,0,0,0,0,0,0,0,0,0,0,0,0,0,0,0,0,0,0,0,0,0,0,0,0,0,0,0,0,0,0,0,0,0,0,0,0,0,0,0,0,0,0,0,0,0,0,0,0,0,0,0,0,0,0,0,0,0,0,0,0,0,0,0,0,0,0,0,0,0,0,0,0,0,0,,0,0,0,0,0,0,0,0,0,0,0,0,0,0,0,0,,0,0,0,,,-,,,,-,-,-,-,-,-,-,-,-,-,-,-,-,,-,-,SAFTI MI/MIDS,ST MARINE BENOI SHIPYARD,,1,,DISPOSAL / 1-WAY,-,-,Y,-,-,-,-,-,-,-,-,,Y,-,-,-,-,-,-,-,-,-,,-,-,-,-,-,
25,,(MIDS) NAVALISATION SEA SORTIE TRAINING,-,,,,0,0,0,0,0,0,0,0,0,0,,0,0,0,0,0,0,0,0,0,0,0,0,0,0,,,,,-,DMCC,,,,-,0,,0,0,0,0,0,0,0,0,0,0,0,0,0,0,0,0,0,0,0,0,0,0,0,0,0,0,0,0,0,0,0,0,0,0,0,0,0,0,0,0,0,0,0,0,0,0,0,0,0,0,0,0,0,0,0,0,0,0,0,0,0,0,0,0,0,0,0,0,0,0,0,0,0,0,0,0,0,0,0,0,0,0,0,0,0,0,0,0,0,0,0,0,0,0,0,0,0,0,0,0,0,0,0,0,0,,0,0,0,0,0,0,0,0,0,0,0,0,0,0,0,0,,0,0,0,,,-,,,,-,-,-,-,-,-,-,-,-,-,-,-,-,,-,-,SAFTI MI,TUAS NAVAL BASE,-,1,-,2-WAY,-,-,Y,-,-,-,-,-,-,-,-,,Y,-,-,-,-,-,-,-,-,-,,-,-,-,-,-,
26,,(MIDS) P226 LIVE FIRING,MMRC,,-,-,0,0,0,0,0,0,0,0,0,0,,0,0,0,0,0,0,0,0,0,0,0,0,0,0,,,,,-,DMCC,,,,MMRC,0,,0,0,0,0,0,0,0,0,0,0,0,0,0,0,0,0,0,0,0,0,0,0,0,0,0,0,0,0,0,0,0,0,0,0,0,0,0,0,0,0,0,0,0,0,0,0,0,0,0,0,0,0,0,0,0,0,0,0,0,0,0,0,0,0,0,0,0,0,0,0,0,0,0,0,0,0,0,0,0,0,0,0,0,0,0,0,0,0,0,0,0,0,0,0,0,0,0,0,0,0,0,0,0,0,0,,0,0,0,0,0,0,0,0,0,0,0,0,0,0,0,0,,0,0,50,Y,Y,-,,,,-,-,1,-,-,-,-,1,SAFTI MI,MMRC ,-,-,-,Y,-,-,-,-,-,-,-,-,-,-,,-,-,-,-,-,-,-,-,,Y,-,-,-,-,-,-,-,-,-,,-,-,Y,Y,-,Y
27,,(MIDS) SEABOAT HANDLING LESSON,-,,,,0,0,0,0,0,0,0,0,0,0,,0,0,0,0,0,0,0,0,0,0,0,0,0,0,,,,,-,DMCC,,,,-,0,,0,0,0,0,0,0,0,0,0,0,0,0,0,0,0,0,0,0,0,0,0,0,0,0,0,0,0,0,0,0,0,0,0,0,0,0,0,0,0,0,0,0,0,0,0,0,0,0,0,0,0,0,0,0,0,0,0,0,0,0,0,0,0,0,0,0,0,0,0,0,0,0,0,0,0,0,0,0,0,0,0,0,0,0,0,0,0,0,0,0,0,0,0,0,0,0,0,0,0,0,0,0,0,0,0,,0,0,0,0,0,0,0,0,0,0,0,0,0,0,0,0,,0,0,0,,,-,,,,-,-,-,-,-,-,-,-,-,-,-,-,-,,-,-,SAFTI MI,SEMBAWANG CAMP (NDU),-,1,-,2-WAY,-,-,Y,-,-,-,-,-,-,-,-,,Y,-,-,-,-,-,-,-,-,-,,-,-,-,-,-,
28,,(MIDS) SORTIE NAVAL TRAINING,-,,-,-,0,0,0,0,0,0,0,0,0,0,,0,0,0,0,0,0,0,0,0,0,0,0,0,0,,,,,-,DMCC,,,,-,0,,0,0,0,0,0,0,0,0,0,0,0,0,0,0,0,0,0,0,0,0,0,0,0,0,0,0,0,0,0,0,0,0,0,0,0,0,0,0,0,0,0,0,0,0,0,0,0,0,0,0,0,0,0,0,0,0,0,0,0,0,0,0,0,0,0,0,0,0,0,0,0,0,0,0,0,0,0,0,0,0,0,0,0,0,0,0,0,0,0,0,0,0,0,0,0,0,0,0,0,0,0,0,0,0,0,,0,0,0,0,0,0,0,0,0,0,0,0,0,0,0,0,,0,0,0,,,-,,,,-,-,-,-,-,-,-,-,-,-,-,-,-,,-,-,TUAS NAVAL BASE,CHANGI NAVAL BASE,1,-,-,DISPOSAL / 1-WAY,-,-,Y,-,-,-,-,-,-,-,-,,Y,-,-,-,-,-,-,-,-,-,,-,-,-,-,-,
29,,ACPC,-,,-,-,0,0,0,0,0,0,0,0,0,0,,0,0,0,0,0,0,0,0,0,0,0,0,0,0,,,-,-,-,DMCC,,-,-,-,0,,0,0,0,0,0,0,0,0,0,0,0,0,0,0,0,0,0,0,0,0,0,0,0,0,0,0,0,0,0,0,0,0,0,0,0,0,0,0,0,0,0,0,0,0,0,0,0,0,0,0,0,0,0,0,0,0,0,0,0,0,0,0,0,0,0,0,0,0,0,0,0,0,0,0,0,0,0,0,0,0,0,0,0,0,0,0,0,0,0,0,0,0,0,0,0,0,0,0,0,0,0,0,0,0,0,,0,0,0,0,0,0,0,0,0,0,0,0,0,0,0,0,,0,0,0,,,-,,081217 1345,081217 2200,-,-,-,-,-,-,1 x 5T Box Truck,-,NEE SOON CAMP,CARPARK I,-,-,-,,-,-,SAFTI MI,SAFTI MI BLK 15,-,2,-,2-WAY,-,-,Y,-,-,-,-,-,-,-,-,,Y,-,-,-,-,-,-,-,-,-,,-,-,-,-,-,
30,,AIRFORCE VISIT,-,,-,-,0,0,0,0,0,0,0,0,0,0,,0,0,0,0,0,0,0,0,0,0,0,0,0,0,,,-,-,-,DMCC,,-,-,-,0,,0,0,0,0,0,0,0,0,0,0,0,0,0,0,0,0,0,0,0,0,0,0,0,0,0,0,0,0,0,0,0,0,0,0,0,0,0,0,0,0,0,0,0,0,0,0,0,0,0,0,0,0,0,0,0,0,0,0,0,0,0,0,0,0,0,0,0,0,0,0,0,0,0,0,0,0,0,0,0,0,0,0,0,0,0,0,0,0,0,0,0,0,0,0,0,0,0,0,0,0,0,0,0,0,0,,0,0,0,0,0,0,0,0,0,0,0,0,0,0,0,0,,0,0,0,,,-,,-,-,-,-,-,,-,-,-,-,CARPARK A,SAFTI MI,-,-,-,,-,-,SAFTI MI,CHONG PANG CAMP,-,6,-,2-WAY,-,-,Y,-,-,-,-,-,-,-,-,,Y,-,-,-,-,-,-,-,-,-,,-,-,-,-,-,
31,,ARMY VISIT,-,,-,-,0,0,0,0,0,0,0,0,0,0,,0,0,0,0,0,0,0,0,0,0,0,0,0,0,,,-,-,-,-,,-,-,-,0,,0,0,0,0,0,0,0,0,0,0,0,0,0,0,0,0,0,0,0,0,0,0,0,0,0,0,0,0,0,0,0,0,0,0,0,0,0,0,0,0,0,0,0,0,0,0,0,0,0,0,0,0,0,0,0,0,0,0,0,0,0,0,0,0,0,0,0,0,0,0,0,0,0,0,0,0,0,0,0,0,0,0,0,0,0,0,0,0,0,0,0,0,0,0,0,0,0,0,0,0,0,0,0,0,0,,0,0,0,0,0,0,0,0,0,0,0,0,0,0,0,0,,0,0,0,,,-,,-,-,-,-,-,-,-,-,-,-,-,-,-,-,-,,-,-,SAFTI MI,-,-,2,-,2-WAY,-,-,Y,-,-,-,-,-,-,-,-,,Y,-,-,-,-,-,-,-,-,-,,-,-,-,-,-,
32,,ASO,-,,,,0,0,0,0,0,0,0,0,0,0,,0,0,0,0,0,0,0,0,0,0,0,0,0,0,,,,,SAFTI MI,1,Y,,,-,0,,0,0,0,0,0,0,0,0,0,0,0,0,0,0,0,0,0,0,0,0,0,0,0,0,0,0,0,0,0,0,0,0,0,0,0,0,0,0,0,0,0,0,0,0,0,0,0,0,0,0,0,0,0,0,0,0,0,0,0,0,0,0,0,0,0,0,0,0,0,0,0,0,0,0,0,0,0,0,0,0,0,0,0,0,0,0,0,0,0,0,0,0,0,0,0,0,0,0,0,0,0,0,0,0,0,,0,0,0,0,0,0,0,0,0,0,0,0,0,0,0,0,,0,0,0,,,-,,,,-,-,-,2,-,-,-,2,SAFTI MI,SAFTI MI,-,-,-,Y,-,-,-,-,-,-,-,-,-,-,,-,-,-,-,-,-,-,-,,Y,-,-,-,-,-,-,-,-,-,,-,-,-,-,-,
33,,ATP,SAFTI 300M RANGE,,-,-,0,3,3,1,1,,,,15,,Y,0,0,0,0,0,0,0,0,0,0,0,0,0,0,,Y,,,SAFTI 300M,1,Y,,,PLAD,0,,0,0,0,0,0,240,0,0,0,0,16,0,0,0,0,0,0,0,0,0,0,0,0,0,0,0,0,0,0,0,0,0,0,0,0,0,0,0,0,0,0,0,0,0,0,0,0,0,0,0,0,0,0,0,0,0,0,0,0,0,0,0,0,0,0,0,0,0,0,0,0,0,0,0,0,0,0,0,0,0,0,0,0,0,0,0,0,0,0,0,0,0,0,0,0,0,0,0,0,0,0,0,0,0,0,Y,0,0,0,0,0,0,0,0,0,0,0,0,0,0,0,0,,0,0,0,,Y,-,,,,-,-,1,1,1,-,-,3,SAFTI MI,SAFTI 300M RANGE 1,Y,-,-,Y,-,-,-,-,-,-,-,-,-,-,,-,-,-,-,-,-,-,-,,Y,-,-,-,-,-,-,-,-,-,,-,-,Y,Y,-,Y
34,,ATP RECCE,SAFTI 300M RANGE,,-,-,0,0,0,0,0,0,0,0,0,0,,0,0,0,0,0,0,0,0,0,0,0,0,0,0,,,,,-,DMCC,,,,-,0,,0,0,0,0,0,0,0,0,0,0,0,0,0,0,0,0,0,0,0,0,0,0,0,0,0,0,0,0,0,0,0,0,0,0,0,0,0,0,0,0,0,0,0,0,0,0,0,0,0,0,0,0,0,0,0,0,0,0,0,0,0,0,0,0,0,0,0,0,0,0,0,0,0,0,0,0,0,0,0,0,0,0,0,0,0,0,0,0,0,0,0,0,0,0,0,0,0,0,0,0,0,0,0,0,0,,0,0,0,0,0,0,0,0,0,0,0,0,0,0,0,0,,0,0,0,,,-,,,,-,-,1,-,-,-,-,1,SAFTI MI,SAFTI 300M RANGE 1,-,-,-,Y,-,-,-,-,-,-,-,-,-,-,,-,-,-,-,-,-,-,-,,Y,-,-,-,-,-,-,-,-,-,,-,-,Y,Y,-,Y
35,,CDTS,-,,-,-,0,0,0,0,0,0,0,0,0,0,,0,0,0,0,0,0,0,0,0,0,0,0,0,0,,,-,-,-,DMCC,,-,-,-,0,,0,0,0,0,0,0,0,0,0,0,0,0,0,0,0,0,0,0,0,0,0,0,0,0,0,0,0,0,0,0,0,0,0,0,0,0,0,0,0,0,0,0,0,0,0,0,0,0,0,0,0,0,0,0,0,0,0,0,0,0,0,0,0,0,0,0,0,0,0,0,0,0,0,0,0,0,0,0,0,0,0,0,0,0,0,0,0,0,0,0,0,0,0,0,0,0,0,0,0,0,0,0,0,0,0,,0,0,0,0,0,0,0,0,0,0,0,0,0,0,0,0,,0,0,0,,,-,,-,-,-,-,-,-,-,-,-,-,-,-,-,-,-,,-,-,-,-,-,-,-,-,-,-,,-,-,-,-,-,-,-,-,,,-,-,-,-,-,-,-,-,-,,-,-,-,-,-,
36,,CHANGE OF APPOINTMENT PARADE,-,,,,0,0,0,0,0,0,0,0,0,0,,0,0,0,0,0,0,0,0,0,0,0,0,0,0,,,,,-,DMCC,,,,-,0,,0,0,0,0,0,0,0,0,0,0,0,0,0,0,0,0,0,0,0,0,0,0,0,0,0,0,0,0,0,0,0,0,0,0,0,0,0,0,0,0,0,0,0,0,0,0,0,0,0,0,0,0,0,0,0,0,0,0,0,0,0,0,0,0,0,0,0,0,0,0,0,0,0,0,0,0,0,0,0,0,0,0,0,0,0,0,0,0,0,0,0,0,0,0,0,0,0,0,0,0,0,0,0,0,0,,0,0,0,0,0,0,0,0,0,0,0,0,0,0,0,0,,0,0,0,,,-,,,,-,-,-,-,-,-,-,-,-,-,-,-,-,,-,-,-,-,-,-,-,-,-,-,,-,-,-,-,-,-,-,-,,,-,-,-,-,-,-,-,-,-,,-,-,-,-,-,
37,SLT,CHEMICAL DEFENCE PRACTICAL,PLC SMOKE,,-,-,0,0,0,0,0,0,0,0,0,0,,0,0,0,0,0,0,0,0,0,0,0,0,0,0,,,211217 1230,211217 1700,PLC SMOKE CHAMBER,1,Y,21/12/17 0600,21/12/17 2359,-,0,,0,0,0,0,0,0,0,0,0,0,0,0,0,0,0,0,0,0,0,0,0,0,0,0,0,0,0,0,0,0,0,0,0,0,0,0,0,0,0,0,0,0,0,0,0,0,0,0,0,0,0,0,0,0,0,0,0,0,0,0,0,0,0,0,0,0,0,0,0,0,0,0,0,0,0,0,0,0,0,0,0,0,0,0,0,0,0,0,0,0,0,0,0,0,0,0,0,0,0,0,0,0,0,0,0,,0,0,0,0,0,0,0,0,0,0,0,0,0,0,0,0,,1,0,0,Y,Y,-,,211217 1230,211217 1700,-,-,-,1,1,-,-,2,SAFTI MI,PLC SMOKE CHAMBER,Y,-,-,Y,-,-,-,-,-,-,-,-,-,-,,-,-,-,-,-,-,-,-,,Y,-,-,-,-,-,-,-,-,-,,-,-,Y,Y,-,Y
38,SLT,CHEMICAL DEFENCE PRACTICAL RECCE,PLC SMOKE,,-,-,0,0,0,0,0,0,0,0,0,0,,0,0,0,0,0,0,0,0,0,0,0,0,0,0,,,211217 1230,211217 1700,-,DMCC,,21/12/17 0600,21/12/17 2359,-,0,,0,0,0,0,0,0,0,0,0,0,0,0,0,0,0,0,0,0,0,0,0,0,0,0,0,0,0,0,0,0,0,0,0,0,0,0,0,0,0,0,0,0,0,0,0,0,0,0,0,0,0,0,0,0,0,0,0,0,0,0,0,0,0,0,0,0,0,0,0,0,0,0,0,0,0,0,0,0,0,0,0,0,0,0,0,0,0,0,0,0,0,0,0,0,0,0,0,0,0,0,0,0,0,0,0,,0,0,0,0,0,0,0,0,0,0,0,0,0,0,0,0,,0,0,0,,,-,,211217 1230,211217 1700,-,-,1,-,-,-,-,1,SAFTI MI,PLC SMOKE CHAMBER,-,-,-,Y,-,-,-,-,-,-,-,-,-,-,,-,-,-,-,-,-,-,-,,Y,-,-,-,-,-,-,-,-,-,,-,-,Y,Y,-,Y
39,ST,COMBAT CIRCUIT,-,,-,-,0,0,0,0,0,0,0,0,0,0,,0,0,0,0,0,0,0,0,0,0,0,0,0,0,,,-,-,SAFTI MI,1,Y,-,-,-,0,,0,0,0,0,0,0,0,0,0,0,0,0,0,0,0,0,0,0,0,0,0,0,0,0,0,0,0,0,0,0,0,0,0,0,0,0,0,0,0,0,0,0,0,0,0,0,0,0,0,0,0,0,0,0,0,0,0,0,0,0,0,0,0,0,0,0,0,0,0,0,0,0,0,0,0,0,0,0,0,0,0,0,0,0,0,0,0,0,0,0,0,0,0,0,0,0,0,0,0,0,0,0,0,0,0,,0,0,0,0,0,0,0,0,0,0,0,0,0,0,0,0,,0,0,0,,,-,,-,-,-,-,-,-,-,-,-,-,-,-,-,-,-,,-,-,-,-,-,-,-,-,-,-,,-,-,-,-,-,-,-,-,,,-,-,-,-,-,-,-,-,-,,-,-,-,-,-,
40,,COASTAL HOOK / COASTAL NAVEX,SIMPANG YISHUN,,-,-,0,3,0,0,0,0,0,0,0,2,Y,0,0,0,0,0,0,0,3,0,0,0,0,0,0,Y,Y,,,YISHUN TP 11,3,Y,,,PLAD,0,,0,0,0,0,0,0,0,0,0,0,0,0,0,0,0,0,0,0,0,0,0,0,0,0,0,0,0,0,0,0,0,0,0,0,0,0,0,0,0,0,0,0,0,0,0,0,0,0,0,0,0,0,0,0,0,0,0,0,0,0,0,0,0,0,9,0,0,0,0,9,0,0,0,0,9,0,0,0,0,0,0,0,0,0,0,0,0,0,0,0,0,0,0,0,0,0,0,0,0,0,0,0,0,0,0,Y,0,0,0,0,0,0,0,0,0,0,0,0,0,0,0,0,,0,0,0,,Y,-,,,,-,-,1,1,3,-,02 X GSB BOAT TRAILER,5,SAFTI MI,YISHUN TP 11,Y,01 x 5 Tonner to drive to Seletar Camp for TO Familiarization one day before conduct,-,Y,-,-,SAFTI MI,YISHUN TP 11,-,2,-,2-WAY,-,-,Y,-,-,-,-,-,-,-,-,,Y,-,-,-,-,-,-,-,-,-,,-,-,-,-,"BOAT REQUEST FROM HQARMCEG, SEA CLEARANCE FOR TRMC",
41,,COASTAL HOOK / COASTAL NAVEX RECCE,SIMPANG YISHUN,,-,-,0,0,0,0,0,0,0,0,0,0,,0,0,0,0,0,0,0,0,0,0,0,0,0,0,,,,,-,DMCC,,,,-,0,,0,0,0,0,0,0,0,0,0,0,0,0,0,0,0,0,0,0,0,0,0,0,0,0,0,0,0,0,0,0,0,0,0,0,0,0,0,0,0,0,0,0,0,0,0,0,0,0,0,0,0,0,0,0,0,0,0,0,0,0,0,0,0,0,0,0,0,0,0,0,0,0,0,0,0,0,0,0,0,0,0,0,0,0,0,0,0,0,0,0,0,0,0,0,0,0,0,0,0,0,0,0,0,0,0,,0,0,0,0,0,0,0,0,0,0,0,0,0,0,0,0,,0,0,0,,,-,,,,-,-,1,-,-,-,-,1,SAFTI MI,YISHUN TP 11,-,-,-,Y,-,-,-,-,-,-,-,-,-,-,,-,-,-,-,-,-,-,-,,Y,-,-,-,-,-,-,-,-,-,,-,-,-,-,-,
42,,COMMANDER'S PARADE,-,,,,0,0,0,0,0,0,0,0,0,0,,0,0,0,0,0,0,0,0,0,0,0,0,0,0,,,,,-,DMCC,,,,-,0,,0,0,0,0,0,0,0,0,0,0,0,0,0,0,0,0,0,0,0,0,0,0,0,0,0,0,0,0,0,0,0,0,0,0,0,0,0,0,0,0,0,0,0,0,0,0,0,0,0,0,0,0,0,0,0,0,0,0,0,0,0,0,0,0,0,0,0,0,0,0,0,0,0,0,0,0,0,0,0,0,0,0,0,0,0,0,0,0,0,0,0,0,0,0,0,0,0,0,0,0,0,0,0,0,0,,0,0,0,0,0,0,0,0,0,0,0,0,0,0,0,0,,0,0,0,,,-,,,,-,-,-,-,-,-,-,-,-,-,-,-,-,,-,-,-,-,-,-,-,-,-,-,,-,-,-,-,-,-,-,-,,,-,-,-,-,-,-,-,-,-,,-,-,-,-,-,
43,,COMMISSIONING PARADE,-,,-,-,0,0,0,0,0,0,0,0,0,0,,0,0,0,0,0,0,0,0,0,0,0,0,0,0,,,161217 0645,161217 2100,HRSSC,1,Y,-,-,-,0,,0,0,0,0,0,0,0,0,0,0,0,0,0,0,0,0,0,0,0,0,0,0,0,0,0,0,0,0,0,0,0,0,0,0,0,0,0,0,0,0,0,0,0,0,0,0,0,0,0,0,0,0,0,0,0,0,0,0,0,0,0,0,0,0,0,0,0,0,0,0,0,0,0,0,0,0,0,0,0,0,0,0,0,0,0,0,0,0,0,0,0,0,0,0,0,0,0,0,0,0,0,0,0,0,0,,0,0,0,0,0,0,0,0,0,0,0,0,0,0,0,0,,0,0,0,,,-,,161217 0645,161217 2100,-,-,-,1,6,-,1 x F550,8,CARPARK A,SAFTI MI,-,-,-,Y,-,-,BLK 13 NEE SOON CAMP,SAFTIMI CARPARK I,-,3,-,2-WAY,-,-,Y,-,-,-,-,-,-,-,-,,Y,-,-,-,Y,-,-,-,-,-,Y,-,-,-,-,-,Y
44,,COMMISSIONING PARADE LONG TERM MV INDENT,-,,-,-,0,0,0,0,0,0,0,0,0,0,,0,0,0,0,0,0,0,0,0,0,0,0,0,0,,,-,-,-,DMCC,,-,-,-,0,,0,0,0,0,0,0,0,0,0,0,0,0,0,0,0,0,0,0,0,0,0,0,0,0,0,0,0,0,0,0,0,0,0,0,0,0,0,0,0,0,0,0,0,0,0,0,0,0,0,0,0,0,0,0,0,0,0,0,0,0,0,0,0,0,0,0,0,0,0,0,0,0,0,0,0,0,0,0,0,0,0,0,0,0,0,0,0,0,0,0,0,0,0,0,0,0,0,0,0,0,0,0,0,0,0,,0,0,0,0,0,0,0,0,0,0,0,0,0,0,0,0,,0,0,0,,,-,,111217 0600,161217 2100,-,-,-,-,-,1,2 x Ceremonial Vehicles,-,HRSSC,SAFTI MI,-,-,-,Y,-,-,-,-,-,-,-,-,-,-,,-,-,-,-,-,-,-,-,,Y,-,-,-,-,-,-,-,-,-,,-,-,-,-,-,
45,,COMMISSIONING PARADE REHEARSAL,-,,-,-,0,0,0,0,0,0,0,0,0,0,,0,0,0,0,0,0,0,0,0,0,0,0,0,0,,,011217 0615,011217 2000,SAFTI MI,1,Y,-,-,-,0,,0,0,0,0,0,0,0,0,0,0,0,0,0,0,0,0,0,0,0,0,0,0,0,0,0,0,0,0,0,0,0,0,0,0,0,0,0,0,0,0,0,0,0,0,0,0,0,0,0,0,0,0,0,0,0,0,0,0,0,0,0,0,0,0,0,0,0,0,0,0,0,0,0,0,0,0,0,0,0,0,0,0,0,0,0,0,0,0,0,0,0,0,0,0,0,0,0,0,0,0,0,0,0,0,0,,0,0,0,0,0,0,0,0,0,0,0,0,0,0,0,0,,0,0,0,,,-,,011217 0615,011217 2000,-,-,-,1,-,-,-,-,CARPARK A,SAFTI MI,-,-,-,Y,-,-,-,-,-,-,-,-,-,-,,-,-,-,-,-,-,-,-,,Y,-,-,-,-,-,-,-,-,-,,-,-,-,-,-,
46,ST,COMPASS COURSE,RAMBUTAN HILL,,,,0,5,0,0,1,0,0,0,11,0,Y,0,0,0,100,0,0,0,0,0,0,0,0,0,0,,Y,,,RAMBUTAN HILL,1,Y,,,PLAD,0,,0,0,0,0,0,0,0,0,0,0,0,0,0,0,0,0,0,0,0,0,0,0,0,0,0,0,0,0,0,0,0,0,0,0,0,0,0,0,0,0,0,0,0,0,0,0,0,0,0,0,0,0,0,0,0,0,0,0,0,0,0,0,0,0,0,0,0,0,0,0,0,0,0,0,0,0,0,0,0,0,0,0,0,0,0,0,0,0,0,0,0,0,0,0,0,0,0,0,0,0,0,0,0,0,0,,0,0,0,0,0,0,0,0,0,0,0,0,0,0,0,0,,0,0,0,,,-,,,,-,-,-,1,1,-,-,2,SAFTI MI,RAMBUTAN HILL,Y,-,-,Y,-,-,-,-,-,-,-,-,-,-,,-,-,-,-,-,-,-,-,,Y,-,-,-,-,-,-,-,-,-,,-,-,Y,Y,-,Y
47,ST,COMPASS COURSE RECCE,RAMBUTAN HILL,,,,0,0,0,0,0,0,0,0,0,0,,0,0,0,0,0,0,0,0,0,0,0,0,0,0,,,,,-,DMCC,,,,-,0,,0,0,0,0,0,0,0,0,0,0,0,0,0,0,0,0,0,0,0,0,0,0,0,0,0,0,0,0,0,0,0,0,0,0,0,0,0,0,0,0,0,0,0,0,0,0,0,0,0,0,0,0,0,0,0,0,0,0,0,0,0,0,0,0,0,0,0,0,0,0,0,0,0,0,0,0,0,0,0,0,0,0,0,0,0,0,0,0,0,0,0,0,0,0,0,0,0,0,0,0,0,0,0,0,0,,0,0,0,0,0,0,0,0,0,0,0,0,0,0,0,0,,0,0,0,,,-,,,,-,-,1,-,-,-,-,1,SAFTI MI,RAMBUTAN HILL,-,-,-,Y,-,-,-,-,-,-,-,-,-,-,,-,-,-,-,-,-,-,-,,Y,-,-,-,-,-,-,-,-,-,,-,-,Y,Y,-,Y
48,SLT,"COOL DIP, TOWER RUN, CONFIDENCE JUMP",-,,-,-,0,0,0,0,0,0,0,0,0,0,,0,0,0,0,0,0,0,0,0,0,0,0,0,0,,,211217 0330,211217 0900,SAFTI MI,1,Y,-,-,-,0,,0,0,0,0,0,0,0,0,0,0,0,0,0,0,0,0,0,0,0,0,0,0,0,0,0,0,0,0,0,0,0,0,0,0,0,0,0,0,0,0,0,0,0,0,0,0,0,0,0,0,0,0,0,0,0,0,0,0,0,0,0,0,0,0,0,0,0,0,0,0,0,0,0,0,0,0,0,0,0,0,0,0,0,0,0,0,0,0,0,0,0,0,0,0,0,0,0,0,0,0,0,0,0,0,0,,0,0,0,0,0,0,0,0,0,0,0,0,0,0,0,0,,0,0,0,,,-,,211217 0330,211217 0900,-,-,-,1,-,-,-,1,SAFTI MI,SAFTI MI,-,-,-,Y,-,-,-,-,-,-,-,-,-,-,,-,-,-,-,-,-,-,-,,Y,-,-,-,-,-,-,-,-,-,,-,-,-,Y,-,Y
49,ST,CSB,"LFA A,C,D",,,,0,0,0,0,1,0,0,0,0,10,Y,0,0,0,0,0,0,0,0,0,0,0,0,0,0,,Y,,,SAFTI LFA / SAFTI 100M RANGE,2,Y,,,PLAD,0,,0,0,0,0,0,16.8,0,0,0,0,0,0,0,0,0,0,0,0,0,0,0,0,0,0,0,0,0,0,0,0,0,0,0,0,0,0,0,0,0,0,0,0,0,0,0,0,0,0,0,0,0,0,0,0,0,0,0,0,0,0,0,0,0,0,0,0,0,0,0,0,0,0,0,0,0,0,0,0,0,0,0,0,0,0,0,0,0,0,0,0,0,0,0,0,0,0,0,0,0,0,0,0,0,0,0,Y,0,0,0,0,0,0,0,0,0,0,0,0,0,0,0,0,,0,0,0,,Y,1,Y,,,-,-,2,4,2,-,-,8,SAFTI MI,SAFTI LFA / BCTC / SAFTI 100M,Y,-,-,Y,-,-,-,-,-,-,-,-,-,-,,-,-,-,-,-,-,-,-,,Y,-,-,-,-,-,-,-,-,-,,-,-,Y,Y,-,Y
50,ST,CSB RECCE,"LFA A,C,D",,-,-,0,0,0,0,0,0,0,0,0,0,,0,0,0,0,0,0,0,0,0,0,0,0,0,0,,,,,-,DMCC,,,,-,0,,0,0,0,0,0,0,0,0,0,0,0,0,0,0,0,0,0,0,0,0,0,0,0,0,0,0,0,0,0,0,0,0,0,0,0,0,0,0,0,0,0,0,0,0,0,0,0,0,0,0,0,0,0,0,0,0,0,0,0,0,0,0,0,0,0,0,0,0,0,0,0,0,0,0,0,0,0,0,0,0,0,0,0,0,0,0,0,0,0,0,0,0,0,0,0,0,0,0,0,0,0,0,0,0,0,,0,0,0,0,0,0,0,0,0,0,0,0,0,0,0,0,,0,0,0,,,-,,,,-,-,1,-,-,-,-,1,SAFTI MI,LFA,-,-,-,Y,-,-,-,-,-,-,-,-,-,-,,-,-,-,-,-,-,-,-,,Y,-,-,-,-,-,-,-,-,-,,-,-,Y,Y,-,Y
51,,DAF,-,,,,0,0,0,0,0,0,0,0,0,0,,0,0,0,0,0,0,0,0,0,0,0,0,0,0,,,,,-,DMCC,,,,-,0,,0,0,0,0,0,0,0,0,0,0,0,0,0,0,0,0,0,0,0,0,0,0,0,0,0,0,0,0,0,0,0,0,0,0,0,0,0,0,0,0,0,0,0,0,0,0,0,0,0,0,0,0,0,0,0,0,0,0,0,0,0,0,0,0,0,0,0,0,0,0,0,0,0,0,0,0,0,0,0,0,0,0,0,0,0,0,0,0,0,0,0,0,0,0,0,0,0,0,0,0,0,0,0,0,0,,0,0,0,0,0,0,0,0,0,0,0,0,0,0,0,0,,0,0,0,,,-,,,,-,-,-,-,-,-,-,-,-,-,-,-,-,,-,-,SAFTI MI,KHATIB CAMP,-,3,-,2-WAY,-,-,Y,-,-,-,-,-,-,-,-,,Y,-,-,-,-,-,-,-,-,-,,-,-,-,-,-,
52,,DEMO LIVE FIRING,DEMOLITION RANGE,,,,0,0,0,0,0,0,0,0,0,0,,0,0,0,0,0,0,0,0,0,0,0,0,0,0,,,,,SAFTI LFA,1,Y,,,PLAD,0,,0,0,0,0,0,0,0,0,0,0,0,0,0,0,0,0,0,0,0,0,0,0,0,0,0,0,0,0,0,0,0,0,0,0,0,0,0,0,0,0,0,0,0,0,0,0,0,0,0,0,0,0,0,0,0,0,0,0,0,0,0,0,0,0,0,0,0,0,0,0,0,0,0,0,0,0,0,0,0,0,0,0,0,0,3,0,0,0,0,0,0,0,0,0,0,0,0,0,0,0,0,0,0,0,1,Y,10,4,12,35,0,14,3,1,0,1,5,3,0,0,0,0,Y,0,0,0,,Y,-,,,,-,-,1,1,1,-,-,3,SAFTI MI,DEMOLITION RANGE,Y,-,-,Y,-,-,SAFTI MI,DEMOLITION RANGE,-,3,-,2 - WAY,-,-,Y,-,-,-,-,-,-,-,-,,Y,-,-,-,-,-,-,-,-,-,,-,-,-,-,-,
53,,DEMO LIVE FIRING RECCE,DEMOLITION RANGE,,-,-,0,0,0,0,0,0,0,0,0,0,,0,0,0,0,0,0,0,0,0,0,0,0,0,0,,,,,-,DMCC,,,,-,0,,0,0,0,0,0,0,0,0,0,0,0,0,0,0,0,0,0,0,0,0,0,0,0,0,0,0,0,0,0,0,0,0,0,0,0,0,0,0,0,0,0,0,0,0,0,0,0,0,0,0,0,0,0,0,0,0,0,0,0,0,0,0,0,0,0,0,0,0,0,0,0,0,0,0,0,0,0,0,0,0,0,0,0,0,0,0,0,0,0,0,0,0,0,0,0,0,0,0,0,0,0,0,0,0,0,,0,0,0,0,0,0,0,0,0,0,0,0,0,0,0,0,,0,0,0,,,-,,,,-,-,1,-,-,-,-,1,SAFTI MI,DEMOLITION RANGE,-,-,-,Y,-,-,-,-,-,-,-,-,-,-,,-,-,-,-,-,-,-,-,,Y,-,-,-,-,-,-,-,-,-,,-,-,-,-,-,
54,,DEMOLITION LESSON (RAMBUTAN HILL),RAMBUTAN HILL,,,,0,0,0,0,0,0,0,0,0,0,,0,0,0,0,0,0,0,0,0,0,0,0,0,0,,,,,SAFTI MI / RAMBUTAN HILL,1,Y,,,PLAD,0,,0,0,0,0,0,0,0,0,0,0,0,0,0,0,0,0,0,0,0,0,0,0,0,0,0,0,0,0,0,0,0,0,0,0,0,0,0,0,0,0,0,0,0,0,0,0,0,0,0,0,0,0,0,0,0,0,0,0,0,0,0,0,0,0,0,0,0,0,0,0,0,0,0,0,0,0,0,0,0,18,0,0,0,0,0,0,0,0,0,0,0,0,0,0,1,0,0,0,0,0,0,0,0,0,0,Y,0,0,0,0,0,0,0,0,2,4,1,3,0,0,0,0,Y,0,0,0,,Y,-,,,,-,-,1,-,-,-,-,1,SAFTI MI,RAMBUTAN HILL,-,-,-,Y,-,-,-,-,-,-,-,-,-,-,,-,-,-,-,-,-,-,-,,Y,-,-,-,-,-,-,-,-,-,,-,-,Y,-,-,Y
55,,DEMOLITION THT,-,,,,0,0,0,0,0,0,0,0,0,0,,0,0,0,0,0,0,0,0,0,0,0,0,0,0,,,,,SAFTI MI / RAMBUTAN HILL,1,Y,,,PLAD,0,,0,0,0,0,0,0,0,0,0,0,0,0,0,0,0,0,0,0,0,0,0,0,0,0,0,0,0,0,0,0,0,0,0,0,0,0,0,0,0,0,0,0,0,0,0,0,0,0,0,0,0,0,0,0,0,0,0,0,0,0,0,0,0,0,0,0,0,0,0,0,0,0,0,0,0,0,0,0,0,0,0,0,0,0,0,0,0,0,0,0,0,0,0,0,0,0,0,0,0,0,0,0,0,0,0,,0,0,0,0,0,0,0,0,0,4,0,2,0,0,0,0,Y,0,0,0,,Y,-,,,,-,-,1,-,-,-,-,1,SAFTI MI,RAMBUTAN HILL,-,-,-,Y,-,-,-,-,-,-,-,-,-,-,,-,-,-,-,-,-,-,-,,Y,-,-,-,-,-,-,-,-,-,,-,-,-,-,-,
56,,DRAGONBOAT TRAINING,PLC POOL,,-,-,0,0,0,0,0,0,0,0,0,0,,0,0,0,0,0,0,0,0,0,0,0,0,0,0,,,-,-,-,DMCC,,-,-,-,0,,0,0,0,0,0,0,0,0,0,0,0,0,0,0,0,0,0,0,0,0,0,0,0,0,0,0,0,0,0,0,0,0,0,0,0,0,0,0,0,0,0,0,0,0,0,0,0,0,0,0,0,0,0,0,0,0,0,0,0,0,0,0,0,0,0,0,0,0,0,0,0,0,0,0,0,0,0,0,0,0,0,0,0,0,0,0,0,0,0,0,0,0,0,0,0,0,0,0,0,0,0,0,0,0,0,,0,0,0,0,0,0,0,0,0,0,0,0,0,0,0,0,,0,0,0,,,-,,-,-,-,-,-,-,-,-,-,-,-,-,-,-,-,,-,-,-,-,-,-,-,-,-,-,,-,-,-,-,-,-,-,-,,,-,-,-,-,-,-,-,-,-,,-,-,Y,-,-,Y
57,,ENDURANCE RUN - 03KM,-,,,,0,0,0,0,0,0,0,0,0,0,,0,0,0,0,0,0,0,0,0,0,0,0,0,0,,,,,-,DMCC,,,,-,0,,0,0,0,0,0,0,0,0,0,0,0,0,0,0,0,0,0,0,0,0,0,0,0,0,0,0,0,0,0,0,0,0,0,0,0,0,0,0,0,0,0,0,0,0,0,0,0,0,0,0,0,0,0,0,0,0,0,0,0,0,0,0,0,0,0,0,0,0,0,0,0,0,0,0,0,0,0,0,0,0,0,0,0,0,0,0,0,0,0,0,0,0,0,0,0,0,0,0,0,0,0,0,0,0,0,,0,0,0,0,0,0,0,0,0,0,0,0,0,0,0,0,,0,0,0,,,-,,,,-,-,-,-,-,-,-,-,-,-,-,-,-,,-,-,-,-,-,-,-,-,-,-,,-,-,-,-,-,-,-,-,,,-,-,-,-,-,-,-,-,-,,-,-,-,-,-,
58,,ENDURANCE RUN - 04KM,-,,,,0,0,0,0,0,0,0,0,0,0,,0,0,0,0,0,0,0,0,0,0,0,0,0,0,,,,,-,DMCC,,,,-,0,,0,0,0,0,0,0,0,0,0,0,0,0,0,0,0,0,0,0,0,0,0,0,0,0,0,0,0,0,0,0,0,0,0,0,0,0,0,0,0,0,0,0,0,0,0,0,0,0,0,0,0,0,0,0,0,0,0,0,0,0,0,0,0,0,0,0,0,0,0,0,0,0,0,0,0,0,0,0,0,0,0,0,0,0,0,0,0,0,0,0,0,0,0,0,0,0,0,0,0,0,0,0,0,0,0,,0,0,0,0,0,0,0,0,0,0,0,0,0,0,0,0,,0,0,0,,,-,,,,-,-,-,-,-,-,-,-,-,-,-,-,-,,-,-,-,-,-,-,-,-,-,-,,-,-,-,-,-,-,-,-,,,-,-,-,-,-,-,-,-,-,,-,-,-,-,-,
59,,ENDURANCE RUN - 05KM,-,,,,0,0,0,0,0,0,0,0,0,0,,0,0,0,0,0,0,0,0,0,0,0,0,0,0,,,,,SAFTI MI Stadium,1,Y,,,-,0,,0,0,0,0,0,0,0,0,0,0,0,0,0,0,0,0,0,0,0,0,0,0,0,0,0,0,0,0,0,0,0,0,0,0,0,0,0,0,0,0,0,0,0,0,0,0,0,0,0,0,0,0,0,0,0,0,0,0,0,0,0,0,0,0,0,0,0,0,0,0,0,0,0,0,0,0,0,0,0,0,0,0,0,0,0,0,0,0,0,0,0,0,0,0,0,0,0,0,0,0,0,0,0,0,0,,0,0,0,0,0,0,0,0,0,0,0,0,0,0,0,0,,0,0,0,,,-,,,,-,-,-,1,-,-,-,1,SAFTI MI,SAFTI MI Stadium,-,-,-,Y,-,-,-,-,-,-,-,-,-,-,,-,-,-,-,-,-,-,-,,Y,-,-,-,-,-,-,-,-,-,,-,-,-,-,-,
60,,ENDURANCE RUN - 06KM,-,,,,0,0,0,0,0,0,0,0,0,0,,0,0,0,0,0,0,0,0,0,0,0,0,0,0,,,,,SAFTI MI Stadium,1,Y,,,-,0,,0,0,0,0,0,0,0,0,0,0,0,0,0,0,0,0,0,0,0,0,0,0,0,0,0,0,0,0,0,0,0,0,0,0,0,0,0,0,0,0,0,0,0,0,0,0,0,0,0,0,0,0,0,0,0,0,0,0,0,0,0,0,0,0,0,0,0,0,0,0,0,0,0,0,0,0,0,0,0,0,0,0,0,0,0,0,0,0,0,0,0,0,0,0,0,0,0,0,0,0,0,0,0,0,0,,0,0,0,0,0,0,0,0,0,0,0,0,0,0,0,0,,0,0,0,,,-,,,,-,-,-,1,-,-,-,1,SAFTI MI,SAFTI MI Stadium,-,-,-,Y,-,-,-,-,-,-,-,-,-,-,,-,-,-,-,-,-,-,-,,Y,-,-,-,-,-,-,-,-,-,,-,-,-,-,-,
61,,ENDURANCE RUN - 07KM,-,,,,0,0,0,0,0,0,0,0,0,0,,0,0,0,0,0,0,0,0,0,0,0,0,0,0,,,,,SAFTI MI Stadium,1,Y,,,-,0,,0,0,0,0,0,0,0,0,0,0,0,0,0,0,0,0,0,0,0,0,0,0,0,0,0,0,0,0,0,0,0,0,0,0,0,0,0,0,0,0,0,0,0,0,0,0,0,0,0,0,0,0,0,0,0,0,0,0,0,0,0,0,0,0,0,0,0,0,0,0,0,0,0,0,0,0,0,0,0,0,0,0,0,0,0,0,0,0,0,0,0,0,0,0,0,0,0,0,0,0,0,0,0,0,0,,0,0,0,0,0,0,0,0,0,0,0,0,0,0,0,0,,0,0,0,,,-,,,,-,-,-,1,-,-,-,1,SAFTI MI,SAFTI MI Stadium,-,-,-,Y,-,-,-,-,-,-,-,-,-,-,,-,-,-,-,-,-,-,-,,Y,-,-,-,-,-,-,-,-,-,,-,-,-,-,-,
62,,ENDURANCE RUN - 08KM,-,,,,0,0,0,0,0,0,0,0,0,0,,0,0,0,0,0,0,0,0,0,0,0,0,0,0,,,,,SAFTI MI Stadium,1,Y,,,-,0,,0,0,0,0,0,0,0,0,0,0,0,0,0,0,0,0,0,0,0,0,0,0,0,0,0,0,0,0,0,0,0,0,0,0,0,0,0,0,0,0,0,0,0,0,0,0,0,0,0,0,0,0,0,0,0,0,0,0,0,0,0,0,0,0,0,0,0,0,0,0,0,0,0,0,0,0,0,0,0,0,0,0,0,0,0,0,0,0,0,0,0,0,0,0,0,0,0,0,0,0,0,0,0,0,0,,0,0,0,0,0,0,0,0,0,0,0,0,0,0,0,0,,0,0,0,,,-,,,,-,-,-,1,-,-,-,1,SAFTI MI,SAFTI MI Stadium,-,-,-,Y,-,-,-,-,-,-,-,-,-,-,,-,-,-,-,-,-,-,-,,Y,-,-,-,-,-,-,-,-,-,,-,-,-,-,-,
63,,ENDURANCE RUN - 09KM,-,,,,0,0,0,0,0,0,0,0,0,0,,0,0,0,0,0,0,0,0,0,0,0,0,0,0,,,,,SAFTI MI Stadium,1,Y,,,-,0,,0,0,0,0,0,0,0,0,0,0,0,0,0,0,0,0,0,0,0,0,0,0,0,0,0,0,0,0,0,0,0,0,0,0,0,0,0,0,0,0,0,0,0,0,0,0,0,0,0,0,0,0,0,0,0,0,0,0,0,0,0,0,0,0,0,0,0,0,0,0,0,0,0,0,0,0,0,0,0,0,0,0,0,0,0,0,0,0,0,0,0,0,0,0,0,0,0,0,0,0,0,0,0,0,0,,0,0,0,0,0,0,0,0,0,0,0,0,0,0,0,0,,0,0,0,,,-,,,,-,-,-,1,-,-,-,1,SAFTI MI,SAFTI MI Stadium,-,-,-,Y,-,-,-,-,-,-,-,-,-,-,,-,-,-,-,-,-,-,-,,Y,-,-,-,-,-,-,-,-,-,,-,-,-,-,-,
64,,ENDURANCE RUN - 10KM,-,,,,0,0,0,0,0,0,0,0,0,0,,0,0,0,0,0,0,0,0,0,0,0,0,0,0,,,,,SAFTI MI Stadium,1,Y,,,-,0,,0,0,0,0,0,0,0,0,0,0,0,0,0,0,0,0,0,0,0,0,0,0,0,0,0,0,0,0,0,0,0,0,0,0,0,0,0,0,0,0,0,0,0,0,0,0,0,0,0,0,0,0,0,0,0,0,0,0,0,0,0,0,0,0,0,0,0,0,0,0,0,0,0,0,0,0,0,0,0,0,0,0,0,0,0,0,0,0,0,0,0,0,0,0,0,0,0,0,0,0,0,0,0,0,0,,0,0,0,0,0,0,0,0,0,0,0,0,0,0,0,0,,0,0,0,,,-,,,,-,-,-,1,-,-,-,1,SAFTI MI,SAFTI MI Stadium,-,-,-,Y,-,-,-,-,-,-,-,-,-,-,,-,-,-,-,-,-,-,-,,Y,-,-,-,-,-,-,-,-,-,,-,-,-,-,-,
65,,ENDURANCE RUN - 30 MIN,-,,,,0,0,0,0,0,0,0,0,0,0,,0,0,0,0,0,0,0,0,0,0,0,0,0,0,,,,,SAFTI MI Stadium,1,,,,-,0,,0,0,0,0,0,0,0,0,0,0,0,0,0,0,0,0,0,0,0,0,0,0,0,0,0,0,0,0,0,0,0,0,0,0,0,0,0,0,0,0,0,0,0,0,0,0,0,0,0,0,0,0,0,0,0,0,0,0,0,0,0,0,0,0,0,0,0,0,0,0,0,0,0,0,0,0,0,0,0,0,0,0,0,0,0,0,0,0,0,0,0,0,0,0,0,0,0,0,0,0,0,0,0,0,0,,0,0,0,0,0,0,0,0,0,0,0,0,0,0,0,0,,0,0,0,,,-,,,,-,-,-,1,-,-,-,1,SAFTI MI,SAFTI MI Stadium,-,-,-,Y,-,-,-,-,-,-,-,-,-,-,,-,-,-,-,-,-,-,-,,Y,-,-,-,-,-,-,-,-,-,,-,-,-,-,-,
65,,ENLISTEE'S PARADE,-,,,,0,0,0,0,0,0,0,0,0,0,,0,0,0,0,0,0,0,0,0,0,0,0,0,0,,,,,-,DMCC,,,,-,0,,0,0,0,0,0,0,0,0,0,0,0,0,0,0,0,0,0,0,0,0,0,0,0,0,0,0,0,0,0,0,0,0,0,0,0,0,0,0,0,0,0,0,0,0,0,0,0,0,0,0,0,0,0,0,0,0,0,0,0,0,0,0,0,0,0,0,0,0,0,0,0,0,0,0,0,0,0,0,0,0,0,0,0,0,0,0,0,0,0,0,0,0,0,0,0,0,0,0,0,0,0,0,0,0,0,,0,0,0,0,0,0,0,0,0,0,0,0,0,0,0,0,,0,0,0,,,-,,,,-,-,-,-,-,-,-,-,-,-,-,-,-,,-,-,-,-,-,-,-,-,-,-,,-,-,-,-,-,-,-,-,,,-,-,-,-,-,-,-,-,-,,-,-,-,-,-,
66,,Ex. CASTAWAY,BCTC,,,,0,15,15,0,0,0,0,0,0,0,Y,0,0,0,0,0,0,0,0,0,0,0,0,0,0,,Y,,,BCTC,2,Y,,,PLAD,0,,5,0,0,0,0,0,0,0,0,0,0,0,0,0,0,0,0,0,0,0,0,0,0,0,0,0,0,0,0,0,0,0,0,0,0,0,0,0,0,0,0,0,0,0,0,0,0,0,0,0,0,0,0,0,0,0,0,0,0,0,0,0,0,0,0,0,0,0,0,0,0,0,0,0,0,0,0,0,0,0,0,0,0,0,0,0,0,0,0,32,0,0,0,0,0,0,0,0,0,32,0,0,0,0,0,Y,0,0,0,0,0,0,0,0,0,0,0,0,0,0,0,0,,0,0,0,,Y,-,,,,-,-,1,1,2,-,-,4,SAFTI MI,BCTC,Y,-,-,Y,-,-,SAFTI MI,BCTC,-,3,-,2 - WAY,-,-,Y,-,-,-,-,-,-,-,-,,Y,-,-,-,-,-,-,-,-,-,,-,-,-,-,-,
67,,Ex. CASTAWAY RECCE,BCTC,,-,-,0,0,0,0,0,0,0,0,0,0,,0,0,0,0,0,0,0,0,0,0,0,0,0,0,,,,,-,DMCC,,,,-,0,,0,0,0,0,0,0,0,0,0,0,0,0,0,0,0,0,0,0,0,0,0,0,0,0,0,0,0,0,0,0,0,0,0,0,0,0,0,0,0,0,0,0,0,0,0,0,0,0,0,0,0,0,0,0,0,0,0,0,0,0,0,0,0,0,0,0,0,0,0,0,0,0,0,0,0,0,0,0,0,0,0,0,0,0,0,0,0,0,0,0,0,0,0,0,0,0,0,0,0,0,0,0,0,0,0,,0,0,0,0,0,0,0,0,0,0,0,0,0,0,0,0,,0,0,0,,,-,,,,-,-,1,-,-,-,-,1,SAFTI MI,BCTC,-,-,-,Y,-,-,-,-,-,-,-,-,-,-,,-,-,-,-,-,-,-,-,,Y,-,-,-,-,-,-,-,-,-,,-,-,-,-,-,
68,,Ex. CENTIPEDE / GREENSLEEVES,TEKONG,,,,24,12,5,2,2,0,0,0,20,0,Y,0,0,0,100,0,0,0,0,0,0,0,0,0,0,,Y,,,PULAU TEKONG,2,Y,,,TEKONG,0,,560,0,0,0,7500,0,0,0,0,0,0,0,0,0,0,0,0,0,0,0,0,0,0,0,0,0,0,0,0,0,0,0,0,0,0,0,0,0,0,0,0,0,0,0,0,0,0,0,0,0,0,0,0,0,0,0,0,0,0,0,0,0,0,0,0,0,0,0,0,0,0,0,0,0,0,0,0,0,0,0,0,0,0,0,0,2,0,0,0,0,0,0,0,0,0,0,0,10,0,0,0,0,0,0,0,Y,0,0,0,0,0,0,0,0,0,0,0,0,0,0,0,0,,0,0,0,,Y,-,,,,-,-,1,1,3,-,-,5,SAFTI MI,PULAU TEKONG,Y,"1 X 5-TON FROM PLC
REST FROM HUBEAST",-,Y,-,-,SAFTI MI,SAF FERRY TERMINAL,-,3,-,2 WAY,-,-,Y,DAY 1 - 7,MR / LR,LR / MR,"2x OUV, 3x 5Ton",DAY 1 - 7,MR / LR,LR / MR,130 / 130,Y,Y,-,-,-,-,-,-,-,-,Y,Y,-,-,-,-,-,Y
69,,Ex. CENTIPEDE / GREENSLEEVES RECCE,TEKONG,,-,-,0,0,0,0,0,0,0,0,0,0,,0,0,0,0,0,0,0,0,0,0,0,0,0,0,,,,,-,DMCC,,,,-,0,,0,0,0,0,0,0,0,0,0,0,0,0,0,0,0,0,0,0,0,0,0,0,0,0,0,0,0,0,0,0,0,0,0,0,0,0,0,0,0,0,0,0,0,0,0,0,0,0,0,0,0,0,0,0,0,0,0,0,0,0,0,0,0,0,0,0,0,0,0,0,0,0,0,0,0,0,0,0,0,0,0,0,0,0,0,0,0,0,0,0,0,0,0,0,0,0,0,0,0,0,0,0,0,0,0,,0,0,0,0,0,0,0,0,0,0,0,0,0,0,0,0,,0,0,0,,,-,,,,-,-,1,-,-,-,-,1,SAFTI MI,PULAU TEKONG,-,-,-,Y,-,-,-,-,-,-,-,-,-,-,,SAME DAY,MR / LR,LR / MR,2x OUV,-,-,-,-,Y,Y,-,-,-,-,-,-,-,-,-,,-,-,-,-,-,
70,,Ex. COCOON / SKYLARK + NIGHTBIRD,LOR ASRAMA,,,,0,14,2,2,2,0,0,0,0,0,Y,0,0,0,100,0,0,0,0,0,0,0,0,0,0,,Y,,,LORONG ASRAMA,2,Y,,,PLAD,0,,70,0,0,0,0,0,0,0,0,0,0,0,0,0,0,0,0,0,0,0,0,0,0,0,0,0,0,0,0,0,0,0,0,0,0,0,0,0,0,0,0,0,0,0,0,0,0,0,0,0,0,0,0,0,0,0,0,0,0,0,0,0,0,0,0,0,0,0,0,18,0,0,0,0,18,0,0,0,0,0,0,0,0,0,0,1,0,0,0,240,0,0,0,0,0,0,0,0,0,0,0,0,0,0,0,Y,0,0,0,0,0,0,0,0,0,0,0,0,0,0,0,0,,0,0,0,,Y,-,,,,-,-,1,1,2,-,-,4,SAFTI MI,LORONG ASRAMA,Y,-,-,Y,-,-,SAFTI MI,LOR ASRAMA,-,3,-,2 WAY,-,-,Y,-,-,-,-,-,-,-,-,,Y,-,-,-,-,-,-,-,-,-,,-,-,-,-,-,
71,,Ex. COCOON / SKYLARK + NIGHTBIRD RECCE,LOR ASRAMA,,-,-,0,0,0,0,0,0,0,0,0,0,,0,0,0,0,0,0,0,0,0,0,0,0,0,0,,,,,-,DMCC,,,,-,0,,0,0,0,0,0,0,0,0,0,0,0,0,0,0,0,0,0,0,0,0,0,0,0,0,0,0,0,0,0,0,0,0,0,0,0,0,0,0,0,0,0,0,0,0,0,0,0,0,0,0,0,0,0,0,0,0,0,0,0,0,0,0,0,0,0,0,0,0,0,0,0,0,0,0,0,0,0,0,0,0,0,0,0,0,0,0,0,0,0,0,0,0,0,0,0,0,0,0,0,0,0,0,0,0,0,,0,0,0,0,0,0,0,0,0,0,0,0,0,0,0,0,,0,0,0,,,-,,,,-,-,1,-,-,-,-,1,SAFTI MI,LORONG ASRAMA,-,-,-,Y,-,-,-,-,-,-,-,-,-,-,,-,-,-,-,-,-,-,-,,Y,-,-,-,-,-,-,-,-,-,,-,-,-,-,-,
72,,Ex. COCOON GRASS DRILLS,-,,,,0,0,0,0,0,0,0,0,0,0,,0,0,0,0,0,0,0,0,0,0,0,0,0,0,,,,,SAFTI MI,1,Y,,,-,0,,0,0,0,0,0,0,0,0,0,0,0,0,0,0,0,0,0,0,0,0,0,0,0,0,0,0,0,0,0,0,0,0,0,0,0,0,0,0,0,0,0,0,0,0,0,0,0,0,0,0,0,0,0,0,0,0,0,0,0,0,0,0,0,0,0,0,0,0,0,0,0,0,0,0,0,0,0,0,0,0,0,0,0,0,0,0,0,0,0,0,0,0,0,0,0,0,0,0,0,0,0,0,0,0,0,,0,0,0,0,0,0,0,0,0,0,0,0,0,0,0,0,,0,0,0,,,-,,,,-,-,-,1,-,-,-,1,SAFTI MI,SAFTI MI,-,-,-,Y,-,-,-,-,-,-,-,-,-,-,,-,-,-,-,-,-,-,-,,Y,-,-,-,-,-,-,-,-,-,,-,-,-,-,-,
73,,Ex. COUGAR ,MMRC,,,,0,2,0,2,2,0,0,0,10,10,Y,0,0,0,18,24,0,0,0,0,15,0,0,0,0,Y,Y,,,-,DMCC,-,,,PLAD,0,,0,0,320,0,0,0,0,256,0,0,0,0,64,0,0,0,0,0,0,0,60,0,0,0,0,0,0,0,0,0,0,0,0,0,0,0,0,0,0,0,0,0,0,0,0,0,0,0,0,0,0,0,0,0,0,0,0,0,0,0,0,0,0,0,0,0,0,0,0,0,0,0,0,0,0,0,0,0,0,0,0,0,0,0,0,0,0,0,0,0,0,0,0,0,0,0,0,0,0,0,0,0,0,0,0,Y,0,0,0,0,0,0,0,0,0,0,0,0,0,1,0,0,Y,0,0,0,,Y,-,,,,-,-,1,1,1,-,-,3,"SAFTI MI (BLK 27, TWG)",SAFTI LFA,Y,-,-,Y,-,-,SAFTI MI,"E-SHAPED KNOLL, BAJAU",-,3,-,2 WAY,-,-,Y,-,-,-,-,-,-,-,-,,Y,-,-,-,-,-,-,Y,-,-,Y,-,-,-,-,-,Y
74,,Ex. COUGAR RECCE,"E-SHAPE KNOLL, BAJAU",,-,-,0,0,0,0,0,0,0,0,0,0,,0,0,0,0,0,0,0,0,0,0,0,0,0,0,,,,,-,DMCC,,,,-,0,,0,0,0,0,0,0,0,0,0,0,0,0,0,0,0,0,0,0,0,0,0,0,0,0,0,0,0,0,0,0,0,0,0,0,0,0,0,0,0,0,0,0,0,0,0,0,0,0,0,0,0,0,0,0,0,0,0,0,0,0,0,0,0,0,0,0,0,0,0,0,0,0,0,0,0,0,0,0,0,0,0,0,0,0,0,0,0,0,0,0,0,0,0,0,0,0,0,0,0,0,0,0,0,0,0,,0,0,0,0,0,0,0,0,0,0,0,0,0,0,0,0,,0,0,0,,,-,,,,-,-,1,-,-,-,-,1,SAFTI MI,SAFTI LFA,-,-,-,Y,-,-,-,-,-,-,-,-,-,-,,-,-,-,-,-,-,-,-,,Y,-,-,-,-,-,-,-,-,-,,-,-,-,-,-,
75,,Ex. COYOTE I,NEO TIEW,,,,15,3,3,1,1,,,,15,,Y,0,0,0,0,0,0,0,0,0,0,0,0,0,0,,Y,,,NEO TIEW,1,Y,,,PLAD,0,,40,0,0,0,0,0,0,0,0,0,0,0,0,0,0,0,0,0,0,0,0,0,0,0,0,0,0,0,0,0,0,0,0,0,0,0,0,0,0,0,0,0,0,0,0,0,0,0,0,0,0,0,0,0,0,0,0,0,0,0,0,0,0,0,0,0,0,0,0,0,0,0,0,0,0,0,0,0,0,0,0,0,0,0,0,0,0,0,0,0,0,0,0,0,0,0,0,3,0,0,0,0,0,0,0,Y,0,0,0,0,0,0,0,0,0,0,0,0,0,0,0,0,,0,0,0,,Y,-,,,,-,-,1,1,1,-,-,3,SAFTI MI,NEO TIEW VILLAGE,Y,-,-,Y,-,-,SAFTI MI,NEO TIEW,-,3,-,2 WAY,-,-,Y,-,-,-,-,-,-,-,-,,Y,-,Y,Y,Y,-,-,-,-,-,Y,-,-,-,-,Medical Recce Clearance into TAB,Y
76,,Ex. COYOTE I RECCE,NEO TIEW,,-,-,0,0,0,0,0,0,0,0,0,0,,0,0,0,0,0,0,0,0,0,0,0,0,0,0,,,,,-,DMCC,,,,-,0,,0,0,0,0,0,0,0,0,0,0,0,0,0,0,0,0,0,0,0,0,0,0,0,0,0,0,0,0,0,0,0,0,0,0,0,0,0,0,0,0,0,0,0,0,0,0,0,0,0,0,0,0,0,0,0,0,0,0,0,0,0,0,0,0,0,0,0,0,0,0,0,0,0,0,0,0,0,0,0,0,0,0,0,0,0,0,0,0,0,0,0,0,0,0,0,0,0,0,0,0,0,0,0,0,0,,0,0,0,0,0,0,0,0,0,0,0,0,0,0,0,0,,0,0,0,,,-,,,,-,-,1,-,-,-,-,1,SAFTI MI,NEO TIEW VILLAGE,-,-,-,Y,-,-,-,-,-,-,-,-,-,-,,-,-,-,-,-,-,-,-,,Y,-,-,-,-,-,-,-,-,-,,-,-,-,-,-,
77,,Ex. COYOTE II,MUTF,,-,-,15,3,3,1,1,,,,15,,Y,0,0,0,0,0,0,0,0,0,0,0,0,0,0,,Y,,,MUTF,1,Y,,,PLAD,0,,50,0,0,0,0,0,0,0,0,0,0,0,0,0,0,0,0,0,250,0,0,0,0,0,0,0,0,0,0,0,0,0,0,0,0,0,0,0,0,0,0,0,0,0,0,0,0,0,0,0,25,0,0,0,0,25,0,0,0,0,0,0,0,0,0,0,0,0,0,0,0,0,0,0,0,0,0,0,0,0,0,0,0,0,0,0,0,2,0,18,0,0,0,0,0,0,0,0,0,18,0,0,0,0,0,Y,0,0,0,0,0,0,0,0,0,0,0,0,0,0,0,0,,0,0,0,,Y,-,,,,-,-,1,1,1,-,-,3,SAFTI MI,MUTF,Y,-,-,Y,-,-,SAFTI MI,MUTF,-,2,-,2-WAY,-,-,Y,-,-,-,-,-,-,-,-,,Y,Y,Y,Y,Y,-,-,-,-,-,Y,-,-,-,-,-,Y
78,,Ex. COYOTE II RECCE,MUTF,,-,-,0,0,0,0,0,0,0,0,0,0,,0,0,0,0,0,0,0,0,0,0,0,0,0,0,,,,,-,DMCC,,,,-,0,,0,0,0,0,0,0,0,0,0,0,0,0,0,0,0,0,0,0,0,0,0,0,0,0,0,0,0,0,0,0,0,0,0,0,0,0,0,0,0,0,0,0,0,0,0,0,0,0,0,0,0,0,0,0,0,0,0,0,0,0,0,0,0,0,0,0,0,0,0,0,0,0,0,0,0,0,0,0,0,0,0,0,0,0,0,0,0,0,0,0,0,0,0,0,0,0,0,0,0,0,0,0,0,0,0,,0,0,0,0,0,0,0,0,0,0,0,0,0,0,0,0,,0,0,0,,,-,,,,-,-,1,-,-,-,-,1,SAFTI MI,MUTF,-,-,-,Y,-,-,-,-,-,-,-,-,-,-,,-,-,-,-,-,-,-,-,,Y,-,-,-,-,-,-,-,-,-,,-,-,-,-,-,
79,,Ex. DUMP IN,LOR ASRAMA,,-,-,25,10,0,3,2,6,1,4,0,0,Y,6,0,15,0,0,0,0,0,0,21,21,3,0,0,Y,Y,,,LOR ASRAMA,2,Y,,,PLAD,0,,120,0,0,0,0,0,0,0,0,0,0,0,0,0,0,0,0,0,500,0,0,0,0,0,0,0,0,0,0,0,0,0,0,0,0,0,0,0,0,0,0,0,0,0,0,0,0,0,0,0,0,0,0,0,0,0,0,0,0,0,0,0,0,0,0,0,0,0,0,0,0,0,0,0,0,0,0,0,0,0,0,0,0,0,0,0,0,0,0,0,0,0,0,0,0,0,0,6,0,0,0,0,0,0,0,Y,0,0,0,0,0,0,0,0,0,0,0,0,0,0,0,0,,0,0,0,,Y,-,,,,-,-,1,1,2,-,-,4,SAFTI MI,LOR ASRAMA ,Y,-,-,Y,-,-,SAFTI MI,LOR ASRAMA,-,2,-,2-WAY,-,-,Y,-,-,-,-,-,-,-,-,,Y,-,-,-,-,-,-,-,-,-,,-,-,-,-,-,
80,,Ex. DUMP IN RECCE,LOR ASRAMA,,-,-,0,0,0,0,0,0,0,0,0,0,,0,0,0,0,0,0,0,0,0,0,0,0,0,0,,,,,-,DMCC,,,,-,0,,0,0,0,0,0,0,0,0,0,0,0,0,0,0,0,0,0,0,0,0,0,0,0,0,0,0,0,0,0,0,0,0,0,0,0,0,0,0,0,0,0,0,0,0,0,0,0,0,0,0,0,0,0,0,0,0,0,0,0,0,0,0,0,0,0,0,0,0,0,0,0,0,0,0,0,0,0,0,0,0,0,0,0,0,0,0,0,0,0,0,0,0,0,0,0,0,0,0,0,0,0,0,0,0,0,,0,0,0,0,0,0,0,0,0,0,0,0,0,0,0,0,,0,0,0,,,-,,,,-,-,-,-,-,-,-,-,-,-,-,-,-,,-,-,-,-,-,-,-,-,-,-,,-,-,-,-,-,-,-,-,,,-,-,-,-,-,-,-,-,-,,-,-,-,-,-,
81,,Ex. GATEWAY,-,,,,0,0,0,0,0,0,0,0,0,0,,0,0,0,0,0,0,0,0,0,0,0,0,0,0,,,,,-,DMCC,,,,-,0,,0,0,0,0,0,0,0,0,0,0,0,0,0,0,0,0,0,0,0,0,0,0,0,0,0,0,0,0,0,0,0,0,0,0,0,0,0,0,0,0,0,0,0,0,0,0,0,0,0,0,0,0,0,0,0,0,0,0,0,0,0,0,0,0,0,0,0,0,0,0,0,0,0,0,0,0,0,0,0,0,0,0,0,0,0,0,0,0,0,0,0,0,0,0,0,0,0,0,0,0,0,0,0,0,0,,0,0,0,0,0,0,0,0,0,0,0,0,0,0,0,0,,0,0,0,,,-,,,,-,-,-,1,-,-,-,1,SAFTI MI,SAFTI MI,-,-,-,Y,-,-,-,-,-,-,-,-,-,-,,-,-,-,-,-,-,-,-,,Y,-,-,-,-,-,-,-,-,-,,-,-,-,-,-,
82,SLT,Ex. HEART,-,,-,-,0,0,0,0,0,0,0,0,0,0,,0,0,0,0,0,0,0,0,0,0,0,0,0,0,,,-,-,-,DMCC,,-,-,-,0,,0,0,0,0,0,0,0,0,0,0,0,0,0,0,0,0,0,0,0,0,0,0,0,0,0,0,0,0,0,0,0,0,0,0,0,0,0,0,0,0,0,0,0,0,0,0,0,0,0,0,0,0,0,0,0,0,0,0,0,0,0,0,0,0,0,0,0,0,0,0,0,0,0,0,0,0,0,0,0,0,0,0,0,0,0,0,0,0,0,0,0,0,0,0,0,0,0,0,0,0,0,0,0,0,0,,0,0,0,0,0,0,0,0,0,0,0,0,0,0,0,0,,0,0,0,,,-,,-,-,-,-,-,-,-,-,-,-,-,-,-,-,-,,-,-,-,-,-,-,-,-,-,-,,-,-,-,-,-,-,-,-,,,-,-,-,-,-,-,-,-,-,,-,-,-,-,-,
83,ST,Ex. HUNTER,BCTC,,,,0,0,0,0,0,0,0,0,0,0,Y,0,0,0,0,0,0,0,0,0,0,0,0,0,0,,Y,,,"SAFTI MI(BLK27, TWG)",1,Y,,,PLAD,0,,0,0,0,0,0,0,0,0,0,0,0,0,0,0,0,0,0,0,0,0,0,0,0,0,0,0,0,0,0,0,0,0,0,0,0,0,0,0,0,0,0,0,0,0,0,0,0,0,0,0,0,0,0,0,0,0,0,0,0,0,0,0,0,0,0,0,0,0,0,0,0,0,0,0,0,0,0,0,0,0,0,0,0,0,0,0,0,0,0,0,0,0,0,0,0,0,0,0,0,0,0,0,0,0,0,,0,0,0,0,0,0,0,0,0,0,0,0,0,0,0,0,,0,0,0,,,-,,,,-,-,,1,,-,-,1,"SAFTI MI (BLK27, TWG)",SAFTI MI,Y,-,-,Y,-,-,"SAFTI MI (BLK 27, TWG) ",UPPER MANDAI,-,-,-,-,-,-,-,-,-,-,-,-,-,-,-,,-,-,-,-,-,-,-,-,-,-,,-,-,-,-,-,
84,ST,Ex. HUNTER RECCE,BCTC,,-,-,0,0,0,0,0,0,0,0,0,0,,0,0,0,0,0,0,0,0,0,0,0,0,0,0,,,,,-,DMCC,,,,-,0,,0,0,0,0,0,0,0,0,0,0,0,0,0,0,0,0,0,0,0,0,0,0,0,0,0,0,0,0,0,0,0,0,0,0,0,0,0,0,0,0,0,0,0,0,0,0,0,0,0,0,0,0,0,0,0,0,0,0,0,0,0,0,0,0,0,0,0,0,0,0,0,0,0,0,0,0,0,0,0,0,0,0,0,0,0,0,0,0,0,0,0,0,0,0,0,0,0,0,0,0,0,0,0,0,0,,0,0,0,0,0,0,0,0,0,0,0,0,0,0,0,0,,0,0,0,,,-,,,,1,-,,-,-,-,-,-,SAFTI MI,UPPER MANDAI,-,1x SD LUV,-,Y,-,-,-,-,-,-,-,-,-,-,,-,-,-,-,-,-,-,-,,Y,-,-,-,-,-,-,-,-,-,,-,-,-,-,-,
85,,Ex. PANTHER STRIKE,MUTF + LFA,,,,50,12,6,0,2,0,0,0,0,10,Y,12,0,0,0,18,18,0,6,0,18,0,8,0,0,Y,Y,,,MUTF,3,Y,,,PLAD,0,,125,0,0,0,0,0,0,0,0,0,0,0,0,0,0,0,0,0,1000,0,0,0,0,0,0,0,0,0,0,0,0,0,0,0,0,0,0,0,0,0,0,0,0,0,0,0,0,0,0,0,0,0,0,0,0,0,0,0,0,0,0,0,0,0,12,0,0,0,0,12,0,0,0,0,12,0,0,0,0,0,0,0,0,0,0,0,0,0,0,0,0,0,0,0,0,0,0,0,0,42,0,0,0,0,0,Y,0,0,0,0,0,0,0,0,0,0,0,0,0,0,0,0,,0,0,0,,Y,-,,,,-,-,3,3,10,-,-,16,SAFTI MI,MUTF / LCK,Y,"ADMIN - 1x OUV, 1x SOUV, 4x 5Ton
PARTICIPATING WING - 1x SOUV, 4x 5 Ton
ENEMY - 1x SOUV, 2x 5Ton
SUPERVISING - 2x OUV",-,Y,-,-,-,-,-,-,-,-,-,-,,-,-,-,-,-,-,-,-,,Y,-,-,Y,-,Y,-,-,-,-,Y,-,-,-,-,-,Y
86,,Ex. RHINO,"E-SHAPE KNOLL, BAJAU",,,,24,8,0,0,2,0,0,0,0,0,Y,5,0,0,5,48,8,0,0,0,16,5,3,0,0,Y,Y,,,SAFTI LFA,1,Y,,,PLAD,0,,41,0,0,0,0,24,0,0,0,0,16,0,0,0,0,0,0,0,1000,0,0,0,0,1000,0,0,0,0,0,18,0,0,0,0,6,0,0,0,0,0,0,0,0,0,12,0,0,0,0,0,0,0,0,0,0,0,0,0,0,0,0,0,0,0,6,0,0,0,0,0,0,0,0,0,0,0,0,0,0,0,0,0,0,0,0,0,0,0,0,0,0,0,0,0,0,0,0,0,0,0,0,0,0,0,3,Y,0,0,0,0,0,10,0,3,0,1,0,3,0,0,0,9,Y,0,0,0,,Y,-,,,,-,-,1,1,2,-,-,5,SAFTI MI,SAFTI LFA,Y,-,-,Y,-,-,SAFTI MI,"E-SHAPED KNOLL, BAJAU",-,3,-,2 WAY,-,-,Y,-,-,-,-,-,-,-,-,,Y,-,-,-,-,-,-,Y,-,-,Y,-,-,-,-,-,Y
87,,Ex. RHINO RECCE,"E-SHAPE KNOLL, BAJAU",,-,-,0,0,0,0,0,0,0,0,0,0,,0,0,0,0,0,0,0,0,0,0,0,0,0,0,,,,,-,DMCC,,,,-,0,,0,0,0,0,0,0,0,0,0,0,0,0,0,0,0,0,0,0,0,0,0,0,0,0,0,0,0,0,0,0,0,0,0,0,0,0,0,0,0,0,0,0,0,0,0,0,0,0,0,0,0,0,0,0,0,0,0,0,0,0,0,0,0,0,0,0,0,0,0,0,0,0,0,0,0,0,0,0,0,0,0,0,0,0,0,0,0,0,0,0,0,0,0,0,0,0,0,0,0,0,0,0,0,0,0,,0,0,0,0,0,0,0,0,0,0,0,0,0,0,0,0,,0,0,0,,,-,,,,-,-,1,-,-,-,-,1,SAFTI MI,SAFTI LFA,-,-,-,Y,-,-,-,-,-,-,-,-,-,-,,-,-,-,-,-,-,-,-,,Y,-,-,-,-,-,-,-,-,-,,-,-,-,-,-,
88,,Ex. SCORPION KING,LOR ASRAMA,,-,-,15,5,2,2,1,1,1,1,0,15,Y,0,0,0,100,10,10,9,0,0,30,0,3,0,0,Y,Y,281117 0630,011217 2300,LOR ASRAMA,2,Y,281117 0600,011217 2359,PLAD,0,,0,0,0,0,7500,0,0,0,0,0,0,0,0,0,0,0,0,0,400,0,0,0,0,0,0,0,0,0,0,0,0,0,0,0,0,0,0,0,0,0,0,0,0,0,0,0,0,0,0,0,0,0,0,0,0,0,0,0,0,0,0,0,0,0,0,0,0,0,0,0,0,0,0,0,0,0,0,0,0,3,0,0,0,0,0,0,0,0,0,100,0,0,0,0,0,0,0,0,0,36,0,0,0,0,0,Y,0,0,0,0,0,0,0,0,0,0,0,0,0,0,0,0,,0,0,0,,Y,-,,281117 0615,011217 2300,-,-,1,1,2,-,-,4,SAFTI MI,LOR ASRAMA ,Y,-,-,Y,-,-,SAFTI MI,LOR ASRAMA,-,3,-,1-WAY,-,-,Y,-,-,-,-,-,-,-,-,,Y,-,-,-,-,-,-,-,-,Y,Y,-,-,-,-,-,Y
89,,Ex. SCORPION KING RECCE,LOR ASRAMA,,-,-,0,0,0,0,0,0,0,0,0,0,,0,0,0,0,0,0,0,0,0,0,0,0,0,0,,,,,-,DMCC,,,,-,0,,0,0,0,0,0,0,0,0,0,0,0,0,0,0,0,0,0,0,0,0,0,0,0,0,0,0,0,0,0,0,0,0,0,0,0,0,0,0,0,0,0,0,0,0,0,0,0,0,0,0,0,0,0,0,0,0,0,0,0,0,0,0,0,0,0,0,0,0,0,0,0,0,0,0,0,0,0,0,0,0,0,0,0,0,0,0,0,0,0,0,0,0,0,0,0,0,0,0,0,0,0,0,0,0,0,,0,0,0,0,0,0,0,0,0,0,0,0,0,0,0,0,,0,0,0,,,-,,,,-,-,1,-,-,-,-,1,SAFTI MI,LOR ASRAMA ,-,-,-,Y,-,-,-,-,-,-,-,-,-,-,,-,-,-,-,-,-,-,-,,Y,-,-,-,-,-,-,-,-,-,,-,-,-,-,-,
90,,Ex. SEEKER,UPPER MANDAI,,,,0,20,0,4,2,0,0,0,0,0,Y,0,0,0,100,0,0,0,0,0,0,0,0,0,0,,Y,,,UPPER MANDAI,2,Y,,,PLAD,0,,5,0,0,0,0,0,0,0,0,0,0,0,0,0,0,0,0,0,0,0,0,0,0,0,0,0,0,0,0,0,0,0,0,0,0,0,0,0,0,0,0,0,0,0,0,0,0,0,0,0,0,0,0,0,0,0,0,0,0,0,0,0,0,0,10,0,0,0,0,10,0,0,0,0,10,0,0,0,0,0,0,0,0,0,0,0,0,10,0,0,0,0,0,0,0,0,0,8,0,0,0,0,0,0,0,Y,0,0,0,0,0,0,0,0,0,0,0,0,0,0,0,0,,0,0,0,,Y,-,,,,-,-,1,1,1,-,-,3,SAFTI MI,MANDAI,Y,-,-,Y,-,-,SAFTI MI,UPPER MANDAI,-,3,-,2-WAY,-,-,Y,-,-,-,-,-,-,-,-,,Y,-,-,-,-,-,-,-,-,-,,-,-,-,-,-,
91,,Ex. SEEKER RECCE,UPPER MANDAI,,-,-,0,0,0,0,0,0,0,0,0,0,,0,0,0,0,0,0,0,0,0,0,0,0,0,0,,,,,-,DMCC,,,,-,0,,0,0,0,0,0,0,0,0,0,0,0,0,0,0,0,0,0,0,0,0,0,0,0,0,0,0,0,0,0,0,0,0,0,0,0,0,0,0,0,0,0,0,0,0,0,0,0,0,0,0,0,0,0,0,0,0,0,0,0,0,0,0,0,0,0,0,0,0,0,0,0,0,0,0,0,0,0,0,0,0,0,0,0,0,0,0,0,0,0,0,0,0,0,0,0,0,0,0,0,0,0,0,0,0,0,,0,0,0,0,0,0,0,0,0,0,0,0,0,0,0,0,,0,0,0,,,-,,,,-,-,1,-,-,-,-,1,SAFTI MI,MANDAI,-,-,-,Y,-,-,-,-,-,-,-,-,-,-,,-,-,-,-,-,-,-,-,,Y,-,-,-,-,-,-,-,-,-,,-,-,-,-,-,
92,,Ex. WILDCAT,LORONG ASRAMA,,,,0,20,0,4,2,0,0,0,0,0,Y,0,0,0,100,0,0,0,0,0,0,0,0,0,0,,Y,,,LORONG ASRAMA,2,Y,,,PLAD,0,,5,0,0,0,0,0,0,0,0,0,0,0,0,0,0,0,0,0,0,0,0,0,0,0,0,0,0,0,0,0,0,0,0,0,0,0,0,0,0,0,0,0,0,0,0,0,0,0,0,0,0,0,0,0,0,0,0,0,0,0,0,0,0,0,10,0,0,0,0,10,0,0,0,0,10,0,0,0,0,0,0,0,0,0,0,0,0,10,0,0,0,0,0,0,0,0,0,8,0,0,0,0,0,0,0,Y,0,0,0,0,0,0,0,0,0,0,0,0,0,0,0,0,,0,0,0,,Y,-,,,,-,-,-,2,1,-,-,3,SAFTI MI,LORONG ASRAMA,Y,-,-,Y,-,-,SAFTI MI,LORONG ASRAMA,-,2,-,2-WAY,-,-,Y,-,-,-,-,-,-,-,-,,Y,-,-,-,-,-,-,-,-,-,,-,-,-,-,-,
93,,Ex. WILDCAT (RESERVE),LORONG ASRAMA,,,,0,20,0,4,2,0,0,0,0,0,Y,0,0,0,100,0,0,0,0,0,0,0,0,0,0,,Y,,,LORONG ASRAMA,2,Y,,,PLAD,0,,5,0,0,0,0,0,0,0,0,0,0,0,0,0,0,0,0,0,0,0,0,0,0,0,0,0,0,0,0,0,0,0,0,0,0,0,0,0,0,0,0,0,0,0,0,0,0,0,0,0,0,0,0,0,0,0,0,0,0,0,0,0,0,0,10,0,0,0,0,10,0,0,0,0,10,0,0,0,0,0,0,0,0,0,0,0,0,10,0,0,0,0,0,0,0,0,0,8,0,0,0,0,0,0,0,Y,0,0,0,0,0,0,0,0,0,0,0,0,0,0,0,0,,0,0,0,,Y,-,,,,-,-,-,2,1,-,-,3,SAFTI MI,LORONG ASRAMA,Y,-,-,Y,-,-,SAFTI MI,LORONG ASRAMA,-,2,-,2-WAY,-,-,Y,-,-,-,-,-,-,-,-,,Y,-,-,-,-,-,-,-,-,-,,-,-,-,-,-,
94,,Ex. WILDCAT RECCE,LORONG ASRAMA,,-,-,0,0,0,0,0,0,0,0,0,0,,0,0,0,0,0,0,0,0,0,0,0,0,0,0,,,,,-,DMCC,,,,-,0,,0,0,0,0,0,0,0,0,0,0,0,0,0,0,0,0,0,0,0,0,0,0,0,0,0,0,0,0,0,0,0,0,0,0,0,0,0,0,0,0,0,0,0,0,0,0,0,0,0,0,0,0,0,0,0,0,0,0,0,0,0,0,0,0,0,0,0,0,0,0,0,0,0,0,0,0,0,0,0,0,0,0,0,0,0,0,0,0,0,0,0,0,0,0,0,0,0,0,0,0,0,0,0,0,0,,0,0,0,0,0,0,0,0,0,0,0,0,0,0,0,0,,0,0,0,,,-,,,,-,-,1,-,-,-,-,1,SAFTI MI,LORONG ASRAMA,-,-,-,Y,-,-,-,-,-,-,-,-,-,-,,-,-,-,-,-,-,-,-,,Y,-,-,-,-,-,-,-,-,-,,-,-,-,-,-,
95,,Ex. WOLF,LORONG ASRAMA,,,,24,6,0,2,1,0,0,0,18,0,Y,0,0,0,100,0,0,0,0,0,0,0,0,0,0,,Y,,,LORONG ASRAMA,2,Y,,,PLAD,0,,120,0,0,0,0,0,0,0,0,0,0,0,0,0,0,0,0,0,750,0,0,0,0,0,0,0,0,0,0,0,0,0,0,0,0,0,0,0,0,0,0,0,0,0,0,0,0,0,0,0,0,0,0,0,0,0,0,0,0,0,0,0,0,0,0,0,0,0,0,0,0,0,0,0,0,0,0,0,0,0,0,0,0,0,0,0,0,0,0,90,0,0,0,0,0,0,0,0,12,0,0,0,0,0,0,Y,0,0,0,0,0,0,0,0,0,0,0,0,0,0,0,0,,0,0,0,,Y,-,,,,-,-,1,1,2,-,-,4,SAFTI MI,LORONG ASRAMA,Y,-,-,Y,-,-,SAFTI MI,LORONG ASRAMA,-,3,-,2-WAY,-,-,Y,-,-,-,-,-,-,-,-,,Y,-,-,-,-,-,-,-,-,-,,-,-,-,-,-,
96,,Ex. WOLF RECCE,LORONG ASRAMA,,-,-,0,0,0,0,0,0,0,0,0,0,,0,0,0,0,0,0,0,0,0,0,0,0,0,0,,,,,-,DMCC,,,,-,0,,0,0,0,0,0,0,0,0,0,0,0,0,0,0,0,0,0,0,0,0,0,0,0,0,0,0,0,0,0,0,0,0,0,0,0,0,0,0,0,0,0,0,0,0,0,0,0,0,0,0,0,0,0,0,0,0,0,0,0,0,0,0,0,0,0,0,0,0,0,0,0,0,0,0,0,0,0,0,0,0,0,0,0,0,0,0,0,0,0,0,0,0,0,0,0,0,0,0,0,0,0,0,0,0,0,,0,0,0,0,0,0,0,0,0,0,0,0,0,0,0,0,,0,0,0,,,-,,,,-,-,1,-,-,-,-,1,SAFTI MI,LORONG ASRAMA,-,-,-,Y,-,-,-,-,-,-,-,-,-,-,,-,-,-,-,-,-,-,-,,Y,-,-,-,-,-,-,-,-,-,,-,-,-,-,TP6 JOINT key (GRB05A) from Mandai Hill Camp,
97,ST,FAMILY DAY,-,,-,-,0,0,0,0,0,0,0,0,0,0,,0,0,0,0,0,0,0,0,0,0,0,0,0,0,,,-,-,-,DMCC,,-,-,-,0,,0,0,0,0,0,0,0,0,0,0,0,0,0,0,0,0,0,0,0,0,0,0,0,0,0,0,0,0,0,0,0,0,0,0,0,0,0,0,0,0,0,0,0,0,0,0,0,0,0,0,0,0,0,0,0,0,0,0,0,0,0,0,0,0,0,0,0,0,0,0,0,0,0,0,0,0,0,0,0,0,0,0,0,0,0,0,0,0,0,0,0,0,0,0,0,0,0,0,0,0,0,0,0,0,0,,0,0,0,0,0,0,0,0,0,0,0,0,0,0,0,0,,0,0,0,,,-,,-,-,-,-,-,-,-,-,-,-,-,-,-,-,-,,-,-,-,-,-,-,-,-,-,-,,-,-,-,-,-,-,-,-,,,-,-,-,-,-,-,-,-,-,,-,-,-,-,-,
98,ST,INTERVAL FAST MARCH,-,,,,0,0,0,0,0,0,0,0,0,0,,0,0,0,0,0,0,0,0,0,0,0,0,0,0,,,,,"SAFTI MI (BLK 27, TWG)",1,,,,-,0,,0,0,0,0,0,0,0,0,0,0,0,0,0,0,0,0,0,0,0,0,0,0,0,0,0,0,0,0,0,0,0,0,0,0,0,0,0,0,0,0,0,0,0,0,0,0,0,0,0,0,0,0,0,0,0,0,0,0,0,0,0,0,0,0,0,0,0,0,0,0,0,0,0,0,0,0,0,0,0,0,0,0,0,0,0,0,0,0,0,0,0,0,0,0,0,0,0,0,0,0,0,0,0,0,0,,0,0,0,0,0,0,0,0,0,0,0,0,0,0,0,0,,0,0,0,,,-,,,,-,-,-,1,-,-,-,1,"SAFTI MI (BLK 27, TWG) ","SAFTI MI (BLK 27, TWG) ",-,-,-,Y,-,-,-,-,-,-,-,-,-,-,,-,-,-,-,-,-,-,-,,Y,-,-,-,-,-,-,-,-,-,,-,-,-,-,-,
99,ST,INTERVAL FAST MARCH - 6KM,-,,,,0,0,0,0,0,0,0,0,0,0,,0,0,0,0,0,0,0,0,0,0,0,0,0,0,,,,,SAFTI MI,1,Y,,,-,0,,0,0,0,0,0,0,0,0,0,0,0,0,0,0,0,0,0,0,0,0,0,0,0,0,0,0,0,0,0,0,0,0,0,0,0,0,0,0,0,0,0,0,0,0,0,0,0,0,0,0,0,0,0,0,0,0,0,0,0,0,0,0,0,0,0,0,0,0,0,0,0,0,0,0,0,0,0,0,0,0,0,0,0,0,0,0,0,0,0,0,0,0,0,0,0,0,0,0,0,0,0,0,0,0,0,,0,0,0,0,0,0,0,0,0,0,0,0,0,0,0,0,,0,0,0,,,-,,,,-,-,-,1,-,-,-,1,SAFTI MI,SAFTI MI,-,-,-,Y,-,-,-,-,-,-,-,-,-,-,,-,-,-,-,-,-,-,-,,Y,-,-,-,-,-,-,-,-,-,,-,-,-,-,-,
100,ST,INTERVAL FAST MARCH,-,,,,0,0,0,0,0,0,0,0,0,0,,0,0,0,0,0,0,0,0,0,0,0,0,0,0,,,,,SAFTI MI,1,Y,,,-,0,,0,0,0,0,0,0,0,0,0,0,0,0,0,0,0,0,0,0,0,0,0,0,0,0,0,0,0,0,0,0,0,0,0,0,0,0,0,0,0,0,0,0,0,0,0,0,0,0,0,0,0,0,0,0,0,0,0,0,0,0,0,0,0,0,0,0,0,0,0,0,0,0,0,0,0,0,0,0,0,0,0,0,0,0,0,0,0,0,0,0,0,0,0,0,0,0,0,0,0,0,0,0,0,0,0,,0,0,0,0,0,0,0,0,0,0,0,0,0,0,0,0,,0,0,0,,,-,,,,-,-,-,1,-,-,-,1,SAFTI MI,SAFTI MI,-,-,-,Y,-,-,-,-,-,-,-,-,-,-,,-,-,-,-,-,-,-,-,,Y,-,-,-,-,-,-,-,-,-,,-,-,-,-,-,
101,,FITNESS EDUCATION WORKSHOP,-,,-,-,0,0,0,0,0,0,0,0,0,0,,0,0,0,0,0,0,0,0,0,0,0,0,0,0,,,-,-,-,DMCC,,-,-,-,0,,0,0,0,0,0,0,0,0,0,0,0,0,0,0,0,0,0,0,0,0,0,0,0,0,0,0,0,0,0,0,0,0,0,0,0,0,0,0,0,0,0,0,0,0,0,0,0,0,0,0,0,0,0,0,0,0,0,0,0,0,0,0,0,0,0,0,0,0,0,0,0,0,0,0,0,0,0,0,0,0,0,0,0,0,0,0,0,0,0,0,0,0,0,0,0,0,0,0,0,0,0,0,0,0,0,,0,0,0,0,0,0,0,0,0,0,0,0,0,0,0,0,,0,0,0,,,-,,-,-,-,-,-,-,-,-,-,-,-,-,-,-,-,,-,-,-,-,-,-,-,-,-,-,,-,-,-,-,-,-,-,-,,,-,-,-,-,-,-,-,-,-,,-,-,-,-,-,
102,,HELI MOCK-UP,HELI GROUND,,-,-,0,0,0,0,0,0,0,0,0,0,,0,0,0,0,0,0,0,0,0,0,0,0,0,0,,,-,-,-,DMCC,,-,-,-,0,,0,0,0,0,0,0,0,0,0,0,0,0,0,0,0,0,0,0,0,0,0,0,0,0,0,0,0,0,0,0,0,0,0,0,0,0,0,0,0,0,0,0,0,0,0,0,0,0,0,0,0,0,0,0,0,0,0,0,0,0,0,0,0,0,0,0,0,0,0,0,0,0,0,0,0,0,0,0,0,0,0,0,0,0,0,0,0,0,0,0,0,0,0,0,0,0,0,0,0,0,0,0,0,0,0,,0,0,0,0,0,0,0,0,0,0,0,0,0,0,0,0,,0,0,0,,,-,,-,-,-,-,-,-,-,-,-,-,-,-,-,-,-,,-,-,-,-,-,-,-,-,-,-,,-,-,-,-,-,-,-,-,,,-,-,-,-,-,-,-,-,-,,-,-,-,-,Heli Belt,
103,,ICCT 01,-,,-,-,0,0,0,0,0,0,0,0,0,0,,0,0,0,0,0,0,0,0,0,0,0,0,0,0,,,,,SAFTI MI,1,Y,,,-,0,,0,0,0,0,0,0,0,0,0,0,0,0,0,0,0,0,0,0,0,0,0,0,0,0,0,0,0,0,0,0,0,0,0,0,0,0,0,0,0,0,0,0,0,0,0,0,0,0,0,0,0,0,0,0,0,0,0,0,0,0,0,0,0,0,0,0,0,0,0,0,0,0,0,0,0,0,0,0,0,0,0,0,0,0,0,0,0,0,0,0,0,0,0,0,0,0,0,0,0,0,0,0,0,0,0,,0,0,0,0,0,0,0,0,0,0,0,0,0,0,0,0,,0,0,0,,,-,,,,-,-,-,-,-,-,-,1,SAFTI MI,SAFTI MI,-,-,-,Y,-,-,-,-,-,-,-,-,-,-,,-,-,-,-,-,-,-,-,,Y,-,-,-,-,-,-,-,-,-,,Y,-,-,-,-,Y
104,,ICCT 02,-,,-,-,0,0,0,0,0,0,0,0,0,0,,0,0,0,0,0,0,0,0,0,0,0,0,0,0,,,,,SAFTI MI,1,Y,,,-,0,,0,0,0,0,0,0,0,0,0,0,0,0,0,0,0,0,0,0,0,0,0,0,0,0,0,0,0,0,0,0,0,0,0,0,0,0,0,0,0,0,0,0,0,0,0,0,0,0,0,0,0,0,0,0,0,0,0,0,0,0,0,0,0,0,0,0,0,0,0,0,0,0,0,0,0,0,0,0,0,0,0,0,0,0,0,0,0,0,0,0,0,0,0,0,0,0,0,0,0,0,0,0,0,0,0,,0,0,0,0,0,0,0,0,0,0,0,0,0,0,0,0,,0,0,0,,,-,,,,-,-,-,-,-,-,-,1,SAFTI MI,SAFTI MI,-,-,-,Y,-,-,-,-,-,-,-,-,-,-,,-,-,-,-,-,-,-,-,,Y,-,-,-,-,-,-,-,-,-,,Y,-,-,-,-,Y
105,,ICCT 03,-,,-,-,0,0,0,0,0,0,0,0,0,0,,0,0,0,0,0,0,0,0,0,0,0,0,0,0,,,,,SAFTI MI,1,Y,,,-,0,,0,0,0,0,0,0,0,0,0,0,0,0,0,0,0,0,0,0,0,0,0,0,0,0,0,0,0,0,0,0,0,0,0,0,0,0,0,0,0,0,0,0,0,0,0,0,0,0,0,0,0,0,0,0,0,0,0,0,0,0,0,0,0,0,0,0,0,0,0,0,0,0,0,0,0,0,0,0,0,0,0,0,0,0,0,0,0,0,0,0,0,0,0,0,0,0,0,0,0,0,0,0,0,0,0,,0,0,0,0,0,0,0,0,0,0,0,0,0,0,0,0,,0,0,0,,,-,,,,-,-,-,-,-,-,-,1,SAFTI MI,SAFTI MI,-,-,-,Y,-,-,-,-,-,-,-,-,-,-,,-,-,-,-,-,-,-,-,,Y,-,-,-,-,-,-,-,-,-,,Y,-,-,-,-,Y
106,,ICCT 04,-,,-,-,0,0,0,0,0,0,0,0,0,0,,0,0,0,0,0,0,0,0,0,0,0,0,0,0,,,,,SAFTI MI,1,Y,,,-,0,,0,0,0,0,0,0,0,0,0,0,0,0,0,0,0,0,0,0,0,0,0,0,0,0,0,0,0,0,0,0,0,0,0,0,0,0,0,0,0,0,0,0,0,0,0,0,0,0,0,0,0,0,0,0,0,0,0,0,0,0,0,0,0,0,0,0,0,0,0,0,0,0,0,0,0,0,0,0,0,0,0,0,0,0,0,0,0,0,0,0,0,0,0,0,0,0,0,0,0,0,0,0,0,0,0,,0,0,0,0,0,0,0,0,0,0,0,0,0,0,0,0,,0,0,0,,,-,,,,-,-,-,-,-,-,-,1,SAFTI MI,SAFTI MI,-,-,-,Y,-,-,-,-,-,-,-,-,-,-,,-,-,-,-,-,-,-,-,,Y,-,-,-,-,-,-,-,-,-,,Y,-,-,-,-,Y
107,,ICCT 05,-,,-,-,0,0,0,0,0,0,0,0,0,0,,0,0,0,0,0,0,0,0,0,0,0,0,0,0,,,,,SAFTI MI,1,Y,,,-,0,,0,0,0,0,0,0,0,0,0,0,0,0,0,0,0,0,0,0,0,0,0,0,0,0,0,0,0,0,0,0,0,0,0,0,0,0,0,0,0,0,0,0,0,0,0,0,0,0,0,0,0,0,0,0,0,0,0,0,0,0,0,0,0,0,0,0,0,0,0,0,0,0,0,0,0,0,0,0,0,0,0,0,0,0,0,0,0,0,0,0,0,0,0,0,0,0,0,0,0,0,0,0,0,0,0,,0,0,0,0,0,0,0,0,0,0,0,0,0,0,0,0,,0,0,0,,,-,,,,-,-,-,-,-,-,-,1,SAFTI MI,SAFTI MI,-,-,-,Y,-,-,-,-,-,-,-,-,-,-,,-,-,-,-,-,-,-,-,,Y,-,-,-,-,-,-,-,-,-,,Y,-,-,-,-,Y
108,,ICCT 06,-,,-,-,0,0,0,0,0,0,0,0,0,0,,0,0,0,0,0,0,0,0,0,0,0,0,0,0,,,,,SAFTI MI,1,Y,,,-,0,,0,0,0,0,0,0,0,0,0,0,0,0,0,0,0,0,0,0,0,0,0,0,0,0,0,0,0,0,0,0,0,0,0,0,0,0,0,0,0,0,0,0,0,0,0,0,0,0,0,0,0,0,0,0,0,0,0,0,0,0,0,0,0,0,0,0,0,0,0,0,0,0,0,0,0,0,0,0,0,0,0,0,0,0,0,0,0,0,0,0,0,0,0,0,0,0,0,0,0,0,0,0,0,0,0,,0,0,0,0,0,0,0,0,0,0,0,0,0,0,0,0,,0,0,0,,,-,,,,-,-,-,-,-,-,-,1,SAFTI MI,SAFTI MI,-,-,-,Y,-,-,-,-,-,-,-,-,-,-,,-,-,-,-,-,-,-,-,,Y,-,-,-,-,-,-,-,-,-,,Y,-,-,-,-,Y
109,,ICCT 07,-,,-,-,0,0,0,0,0,0,0,0,0,0,,0,0,0,0,0,0,0,0,0,0,0,0,0,0,,,,,SAFTI MI,1,Y,,,-,0,,0,0,0,0,0,0,0,0,0,0,0,0,0,0,0,0,0,0,0,0,0,0,0,0,0,0,0,0,0,0,0,0,0,0,0,0,0,0,0,0,0,0,0,0,0,0,0,0,0,0,0,0,0,0,0,0,0,0,0,0,0,0,0,0,0,0,0,0,0,0,0,0,0,0,0,0,0,0,0,0,0,0,0,0,0,0,0,0,0,0,0,0,0,0,0,0,0,0,0,0,0,0,0,0,0,,0,0,0,0,0,0,0,0,0,0,0,0,0,0,0,0,,0,0,0,,,-,,,,-,-,-,-,-,-,-,1,SAFTI MI,SAFTI MI,-,-,-,Y,-,-,-,-,-,-,-,-,-,-,,-,-,-,-,-,-,-,-,,Y,-,-,-,-,-,-,-,-,-,,Y,-,-,-,-,Y
110,,ICCT 08,-,,-,-,0,0,0,0,0,0,0,0,0,0,,0,0,0,0,0,0,0,0,0,0,0,0,0,0,,,,,SAFTI MI,1,Y,,,-,0,,0,0,0,0,0,0,0,0,0,0,0,0,0,0,0,0,0,0,0,0,0,0,0,0,0,0,0,0,0,0,0,0,0,0,0,0,0,0,0,0,0,0,0,0,0,0,0,0,0,0,0,0,0,0,0,0,0,0,0,0,0,0,0,0,0,0,0,0,0,0,0,0,0,0,0,0,0,0,0,0,0,0,0,0,0,0,0,0,0,0,0,0,0,0,0,0,0,0,0,0,0,0,0,0,0,,0,0,0,0,0,0,0,0,0,0,0,0,0,0,0,0,,0,0,0,,,-,,,,-,-,-,-,-,-,-,1,SAFTI MI,SAFTI MI,-,-,-,Y,-,-,-,-,-,-,-,-,-,-,,-,-,-,-,-,-,-,-,,Y,-,-,-,-,-,-,-,-,-,,Y,-,-,-,-,Y
111,,ICCT 09,-,,-,-,0,0,0,0,0,0,0,0,0,0,,0,0,0,0,0,0,0,0,0,0,0,0,0,0,,,,,SAFTI MI,1,Y,,,-,0,,0,0,0,0,0,0,0,0,0,0,0,0,0,0,0,0,0,0,0,0,0,0,0,0,0,0,0,0,0,0,0,0,0,0,0,0,0,0,0,0,0,0,0,0,0,0,0,0,0,0,0,0,0,0,0,0,0,0,0,0,0,0,0,0,0,0,0,0,0,0,0,0,0,0,0,0,0,0,0,0,0,0,0,0,0,0,0,0,0,0,0,0,0,0,0,0,0,0,0,0,0,0,0,0,0,,0,0,0,0,0,0,0,0,0,0,0,0,0,0,0,0,,0,0,0,,,-,,,,-,-,-,-,-,-,-,1,SAFTI MI,SAFTI MI,-,-,-,Y,-,-,-,-,-,-,-,-,-,-,,-,-,-,-,-,-,-,-,,Y,-,-,-,-,-,-,-,-,-,,Y,-,-,-,-,Y
112,,ICCT 10,-,,-,-,0,0,0,0,0,0,0,0,0,0,,0,0,0,0,0,0,0,0,0,0,0,0,0,0,,,,,SAFTI MI,1,Y,,,-,0,,0,0,0,0,0,0,0,0,0,0,0,0,0,0,0,0,0,0,0,0,0,0,0,0,0,0,0,0,0,0,0,0,0,0,0,0,0,0,0,0,0,0,0,0,0,0,0,0,0,0,0,0,0,0,0,0,0,0,0,0,0,0,0,0,0,0,0,0,0,0,0,0,0,0,0,0,0,0,0,0,0,0,0,0,0,0,0,0,0,0,0,0,0,0,0,0,0,0,0,0,0,0,0,0,0,,0,0,0,0,0,0,0,0,0,0,0,0,0,0,0,0,,0,0,0,,,-,,,,-,-,-,-,-,-,-,1,SAFTI MI,SAFTI MI,-,-,-,Y,-,-,-,-,-,-,-,-,-,-,,-,-,-,-,-,-,-,-,,Y,-,-,-,-,-,-,-,-,-,,Y,-,-,-,-,Y
113,,ICCT 11 (TEST),-,,-,-,0,0,0,0,0,0,0,0,0,0,,0,0,0,0,0,0,0,0,0,0,0,0,0,0,,,,,SAFTI MI,1,Y,,,-,0,,0,0,0,0,0,0,0,0,0,0,0,0,0,0,0,0,0,0,0,0,0,0,0,0,0,0,0,0,0,0,0,0,0,0,0,0,0,0,0,0,0,0,0,0,0,0,0,0,0,0,0,0,0,0,0,0,0,0,0,0,0,0,0,0,0,0,0,0,0,0,0,0,0,0,0,0,0,0,0,0,0,0,0,0,0,0,0,0,0,0,0,0,0,0,0,0,0,0,0,0,0,0,0,0,0,,0,0,0,0,0,0,0,0,0,0,0,0,0,0,0,0,,0,0,0,,,-,,,,-,-,-,1,1,-,-,1,SAFTI MI,SAFTI MI,-,-,-,Y,-,-,-,-,-,-,-,-,-,-,,-,-,-,-,-,-,-,-,,Y,-,-,-,-,-,-,-,-,-,,Y,-,-,-,-,Y
114,,IDP TACTICS CAMP,LOR ASRAMA,,,,0,0,0,0,0,0,0,0,10,0,Y,0,0,0,0,0,0,0,0,0,0,0,0,0,0,,Y,,,SAFTI MI,1,Y,,,PLAD / TEKONG,0,,100,0,0,0,0,0,0,0,0,0,0,0,0,0,0,0,0,0,0,0,0,0,0,0,0,0,0,0,0,0,0,0,0,0,0,0,0,0,0,0,0,0,0,0,0,0,0,0,0,0,0,0,0,0,0,0,0,0,0,0,0,0,0,0,0,0,0,0,0,0,0,0,0,0,0,0,0,0,0,0,0,0,0,0,0,0,0,3,0,0,0,0,0,0,0,0,0,3,0,0,0,0,0,0,0,Y,0,0,0,0,0,0,0,0,0,0,0,0,0,0,0,0,,0,0,0,,Y,-,,,,-,-,1,1,1,-,-,3,0,LORONG ASRAMA,Y,-,-,Y,-,-,SAFTI MI,LOR ASRAMA,-,1,-,-,-,-,Y,-,-,-,-,-,-,-,-,,Y,-,-,-,-,-,-,-,-,-,,-,-,-,-,-,
115,,IGTS,IGTS,,-,-,0,0,0,0,0,0,0,0,0,0,,0,0,0,0,0,0,0,0,0,0,0,0,0,0,,,,,-,DMCC,,,,-,0,,0,0,0,0,0,0,0,0,0,0,0,0,0,0,0,0,0,0,0,0,0,0,0,0,0,0,0,0,0,0,0,0,0,0,0,0,0,0,0,0,0,0,0,0,0,0,0,0,0,0,0,0,0,0,0,0,0,0,0,0,0,0,0,0,0,0,0,0,0,0,0,0,0,0,0,0,0,0,0,0,0,0,0,0,0,0,0,0,0,0,0,0,0,0,0,0,0,0,0,0,0,0,0,0,0,,0,0,0,0,0,0,0,0,0,0,0,0,0,0,0,0,,0,0,0,,,-,,,,-,-,-,-,1,-,-,-,-,-,-,1 X CAT 1 TONNER,-,Y,-,-,-,-,-,-,-,-,-,-,,-,-,-,-,-,-,-,-,,Y,-,-,-,-,-,-,-,-,-,,-,-,Y,-,-,Y
116,,IMT (PLC),PLC IMT,,-,-,0,0,0,0,0,0,0,0,0,0,,0,0,0,0,0,0,0,0,0,0,0,0,0,0,,,,,-,DMCC,,,,-,0,,0,0,0,0,0,0,0,0,0,0,0,0,0,0,0,0,0,0,0,0,0,0,0,0,0,0,0,0,0,0,0,0,0,0,0,0,0,0,0,0,0,0,0,0,0,0,0,0,0,0,0,0,0,0,0,0,0,0,0,0,0,0,0,0,0,0,0,0,0,0,0,0,0,0,0,0,0,0,0,0,0,0,0,0,0,0,0,0,0,0,0,0,0,0,0,0,0,0,0,0,0,0,0,0,0,,0,0,0,0,0,0,0,0,0,0,0,0,0,0,0,0,,0,0,0,,,-,,,,-,-,-,-,1,-,-,-,-,-,-,1 X CAT 1 TONNER,-,Y,-,-,-,-,-,-,-,-,-,-,,-,-,-,-,-,-,-,-,,Y,-,-,-,-,-,-,-,-,-,,-,-,Y,-,-,Y
117,,INITIATION,-,,-,-,0,0,0,0,0,0,0,0,0,0,,0,0,0,0,0,0,0,0,0,0,0,0,0,0,,,301217 0300,301217 0900,SAFTI MI,1,Y,-,-,-,0,,0,0,0,0,0,0,0,0,0,0,0,0,0,0,0,0,0,0,0,0,0,0,0,0,0,0,0,0,0,0,0,0,0,0,0,0,0,0,0,0,0,0,0,0,0,0,0,0,0,0,0,0,0,0,0,0,0,0,0,0,0,0,0,0,0,0,0,0,0,0,0,0,0,0,0,0,0,0,0,0,0,0,0,0,0,0,0,0,0,0,0,0,0,0,0,0,0,0,0,0,0,0,0,0,0,,0,0,0,0,0,0,0,0,0,0,0,0,0,0,0,0,,0,0,0,,,-,,301217 0300,301217 0900,-,-,-,1,-,-,-,1,SAFTI MI,SAFTI MI,-,-,-,Y,-,-,-,-,-,-,-,-,-,-,,-,-,-,-,-,-,-,-,,Y,-,-,-,-,-,-,-,-,-,,-,-,-,-,-,
118,,INTER-ARMS RELAY,-,,-,-,0,0,0,0,0,0,0,0,0,0,,0,0,0,0,0,0,0,0,0,0,0,0,0,0,,,051217 0615,051217 1100,SAFTI MI,1,Y,-,-,-,0,,0,0,0,0,0,0,0,0,0,0,0,0,0,0,0,0,0,0,0,0,0,0,0,0,0,0,0,0,0,0,0,0,0,0,0,0,0,0,0,0,0,0,0,0,0,0,0,0,0,0,0,0,0,0,0,0,0,0,0,0,0,0,0,0,0,0,0,0,0,0,0,0,0,0,0,0,0,0,0,0,0,0,0,0,0,0,0,0,0,0,0,0,0,0,0,0,0,0,0,0,0,0,0,0,0,,0,0,0,0,0,0,0,0,0,0,0,0,0,0,0,0,,0,0,0,,,-,,051217 0615,051217 1100,-,-,-,1,-,-,-,1,CARPARK A,SAFTI MI,-,-,-,Y,-,-,-,-,-,-,-,-,-,-,,-,-,-,-,-,-,-,-,,Y,-,-,-,-,-,-,-,-,-,,-,-,-,-,-,
119,,INTER-ARMS RELAY RESERVE,-,,-,-,0,0,0,0,0,0,0,0,0,0,,0,0,0,0,0,0,0,0,0,0,0,0,0,0,,,051217 0615,051217 1100,SAFTI MI,1,Y,-,-,-,0,,0,0,0,0,0,0,0,0,0,0,0,0,0,0,0,0,0,0,0,0,0,0,0,0,0,0,0,0,0,0,0,0,0,0,0,0,0,0,0,0,0,0,0,0,0,0,0,0,0,0,0,0,0,0,0,0,0,0,0,0,0,0,0,0,0,0,0,0,0,0,0,0,0,0,0,0,0,0,0,0,0,0,0,0,0,0,0,0,0,0,0,0,0,0,0,0,0,0,0,0,0,0,0,0,0,,0,0,0,0,0,0,0,0,0,0,0,0,0,0,0,0,,0,0,0,,,-,,051217 0615,051217 1100,-,-,-,1,-,-,-,1,CARPARK A,SAFTI MI,-,-,-,Y,-,-,-,-,-,-,-,-,-,-,,-,-,-,-,-,-,-,-,,Y,-,-,-,-,-,-,-,-,-,,-,-,-,-,-,
120,,INTERNSHIP,-,,-,-,0,0,0,0,0,0,0,0,0,0,,0,0,0,0,0,0,0,0,0,0,0,0,0,0,,,-,-,-,-,,-,-,-,0,,0,0,0,0,0,0,0,0,0,0,0,0,0,0,0,0,0,0,0,0,0,0,0,0,0,0,0,0,0,0,0,0,0,0,0,0,0,0,0,0,0,0,0,0,0,0,0,0,0,0,0,0,0,0,0,0,0,0,0,0,0,0,0,0,0,0,0,0,0,0,0,0,0,0,0,0,0,0,0,0,0,0,0,0,0,0,0,0,0,0,0,0,0,0,0,0,0,0,0,0,0,0,0,0,0,,0,0,0,0,0,0,0,0,0,0,0,0,0,0,0,0,,0,0,0,,,-,,-,-,-,-,-,-,-,-,-,-,-,-,-,-,-,,-,-,SAFTI MI,-,-,2,-,2-WAY,-,-,Y,-,-,-,-,-,-,-,-,,Y,-,-,-,-,-,-,-,-,-,,-,-,-,-,-,
121,,DISTANCE INTERVAL,-,,-,-,0,0,0,0,0,0,0,0,0,0,,0,0,0,0,0,0,0,0,0,0,0,0,0,0,,,-,-,-,DMCC,,-,-,-,0,,0,0,0,0,0,0,0,0,0,0,0,0,0,0,0,0,0,0,0,0,0,0,0,0,0,0,0,0,0,0,0,0,0,0,0,0,0,0,0,0,0,0,0,0,0,0,0,0,0,0,0,0,0,0,0,0,0,0,0,0,0,0,0,0,0,0,0,0,0,0,0,0,0,0,0,0,0,0,0,0,0,0,0,0,0,0,0,0,0,0,0,0,0,0,0,0,0,0,0,0,0,0,0,0,0,,0,0,0,0,0,0,0,0,0,0,0,0,0,0,0,0,,0,0,0,,,-,,-,-,-,-,-,-,-,-,-,-,-,-,-,-,-,,-,-,-,-,-,-,-,-,-,-,,-,-,-,-,-,-,-,-,,,-,-,-,-,-,-,-,-,-,,-,-,-,-,-,
122,,IPPT,ITI Parade Square / ELISS,,,,0,0,0,0,0,0,0,0,0,0,,0,0,0,0,0,0,0,0,0,0,0,0,0,0,,,,,"SAFTI MI (BLK 27, TWG)",1,Y,,,-,0,,0,0,0,0,0,0,0,0,0,0,0,0,0,0,0,0,0,0,0,0,0,0,0,0,0,0,0,0,0,0,0,0,0,0,0,0,0,0,0,0,0,0,0,0,0,0,0,0,0,0,0,0,0,0,0,0,0,0,0,0,0,0,0,0,0,0,0,0,0,0,0,0,0,0,0,0,0,0,0,0,0,0,0,0,0,0,0,0,0,0,0,0,0,0,0,0,0,0,0,0,0,0,0,0,0,,0,0,0,0,0,0,0,0,0,0,0,0,0,0,0,0,,0,0,0,,,-,,,,-,-,-,1,-,-,-,1,"SAFTI MI (BLK 27, TWG) ","SAFTI MI (BLK 27, TWG) ",-,-,-,Y,-,-,-,-,-,-,-,-,-,-,,-,-,-,-,-,-,-,-,,Y,-,-,-,-,-,-,-,-,-,,-,-,-,-,-,
123,,IPPT TRAINING,-,,-,-,0,0,0,0,0,0,0,0,0,0,,0,0,0,0,0,0,0,0,0,0,0,0,0,0,,,-,-,-,DMCC,,-,-,-,0,,0,0,0,0,0,0,0,0,0,0,0,0,0,0,0,0,0,0,0,0,0,0,0,0,0,0,0,0,0,0,0,0,0,0,0,0,0,0,0,0,0,0,0,0,0,0,0,0,0,0,0,0,0,0,0,0,0,0,0,0,0,0,0,0,0,0,0,0,0,0,0,0,0,0,0,0,0,0,0,0,0,0,0,0,0,0,0,0,0,0,0,0,0,0,0,0,0,0,0,0,0,0,0,0,0,,0,0,0,0,0,0,0,0,0,0,0,0,0,0,0,0,,0,0,0,,,-,,-,-,-,-,-,-,-,-,-,-,-,-,-,-,-,,-,-,-,-,-,-,-,-,-,-,,-,-,-,-,-,-,-,-,,,-,-,-,-,-,-,-,-,-,,-,-,-,-,-,
124,,JUNIOR BAR PARADE,-,,,,0,0,0,0,0,0,0,0,0,0,,0,0,0,0,0,0,0,0,0,0,0,0,0,0,,,,,-,DMCC,,,,-,0,,0,0,0,0,0,0,0,0,0,0,0,0,0,0,0,0,0,0,0,0,0,0,0,0,0,0,0,0,0,0,0,0,0,0,0,0,0,0,0,0,0,0,0,0,0,0,0,0,0,0,0,0,0,0,0,0,0,0,0,0,0,0,0,0,0,0,0,0,0,0,0,0,0,0,0,0,0,0,0,0,0,0,0,0,0,0,0,0,0,0,0,0,0,0,0,0,0,0,0,0,0,0,0,0,0,,0,0,0,0,0,0,0,0,0,0,0,0,0,0,0,0,,0,0,0,,,-,,,,-,-,-,-,-,-,-,-,-,-,-,-,-,,-,-,-,-,-,-,-,-,-,-,,-,-,-,-,-,-,-,-,,,-,-,-,-,-,-,-,-,-,,-,-,-,-,-,
125,,LEADERSHIP CHALLENGE,-,,,,0,0,0,0,0,0,0,0,0,0,,0,0,0,0,0,0,0,0,0,0,0,0,0,0,,,,,SAFTI MI,1,,,,-,0,,0,0,0,0,0,0,0,0,0,0,0,0,0,0,0,0,0,0,0,0,0,0,0,0,0,0,0,0,0,0,0,0,0,0,0,0,0,0,0,0,0,0,0,0,0,0,0,0,0,0,0,0,0,0,0,0,0,0,0,0,0,0,0,0,0,0,0,0,0,0,0,0,0,0,0,0,0,0,0,0,0,0,0,0,0,0,0,0,0,0,0,0,0,0,0,0,0,0,0,0,0,0,0,0,0,,0,0,0,0,0,0,0,0,0,0,0,0,0,0,0,0,,0,0,0,,,-,,,,-,-,-,1,1,-,-,2,SAFTI MI,SAFTI MI,Y,-,-,Y,-,-,-,-,-,-,-,-,-,-,,-,-,-,-,-,-,-,-,,Y,-,-,-,-,-,-,-,-,-,,-,-,-,-,-,
126,,LEADERSHIP FIELD CAMP,RAMBUTAN HILL,,-,-,0,0,0,0,0,0,0,0,0,0,,0,0,0,0,0,0,0,0,0,0,0,0,0,0,,,231217 0600,241217 1600,RAMBUTAN HILL,1,Y,-,-,-,0,,0,0,0,0,0,0,0,0,0,0,0,0,0,0,0,0,0,0,0,0,0,0,0,0,0,0,0,0,0,0,0,0,0,0,0,0,0,0,0,0,0,0,0,0,0,0,0,0,0,0,0,0,0,0,0,0,0,0,0,0,0,0,0,0,0,0,0,0,0,0,0,0,0,0,0,0,0,0,0,0,0,0,0,0,0,0,0,0,0,0,0,0,0,0,0,0,0,0,0,0,0,0,0,0,0,,0,0,0,0,0,0,0,0,0,0,0,0,0,0,0,0,,0,0,0,,,-,,-,-,-,-,-,1,1,-,-,2,SAFTI MI,RAMBUTAN HILL,Y,-,-,Y,-,-,-,-,-,-,-,-,-,-,,-,-,-,-,-,-,-,-,,Y,-,-,-,-,-,-,-,-,-,,-,-,Y,Y,-,Y
127,,LEADERSHIP FIELD CAMP RECCE,RAMBUTAN HILL,,-,-,0,0,0,0,0,0,0,0,0,0,,0,0,0,0,0,0,0,0,0,0,0,0,0,0,,,231217 0600,241217 1600,-,DMCC,,-,-,-,0,,0,0,0,0,0,0,0,0,0,0,0,0,0,0,0,0,0,0,0,0,0,0,0,0,0,0,0,0,0,0,0,0,0,0,0,0,0,0,0,0,0,0,0,0,0,0,0,0,0,0,0,0,0,0,0,0,0,0,0,0,0,0,0,0,0,0,0,0,0,0,0,0,0,0,0,0,0,0,0,0,0,0,0,0,0,0,0,0,0,0,0,0,0,0,0,0,0,0,0,0,0,0,0,0,0,,0,0,0,0,0,0,0,0,0,0,0,0,0,0,0,0,,0,0,0,,,-,,-,-,-,-,1,-,-,-,-,1,SAFTI MI,RAMBUTAN HILL,Y,-,-,Y,-,-,-,-,-,-,-,-,-,-,,-,-,-,-,-,-,-,-,,Y,-,-,-,-,-,-,-,-,-,,-,-,Y,Y,-,Y
128,,MAT / M203 LIVE FIRING,SAFTI LFA,,,,0,0,0,0,0,0,0,0,0,0,,0,0,0,0,0,0,0,0,0,0,0,0,0,0,,,,,MAT & M203 RANGE,1,Y,,,PLAD,0,,0,0,0,0,0,0,0,0,0,0,0,0,0,0,0,0,0,0,0,0,0,0,0,0,0,1,0,0,0,0,0,0,0,0,0,1,0,0,0,0,0,0,0,0,0,0,0,0,0,8,0,0,0,0,0,0,0,0,0,0,0,0,0,0,0,0,0,0,0,0,0,0,0,0,0,0,0,0,0,0,0,0,0,0,0,0,0,0,0,0,0,0,0,0,0,0,0,0,0,0,0,0,0,0,0,Y,0,0,0,0,0,0,0,0,0,0,0,0,0,0,0,0,,0,0,0,,Y,-,,,,-,-,1,1,3,-,-,5,SAFTI MI,SAFTI LFA,Y,-,-,Y,-,-,SAFTI MI,MAT / M203 RANGE,-,3,-,2-WAY,-,-,Y,-,-,-,-,-,-,-,-,,Y,-,-,-,-,-,-,-,-,-,,-,-,-,-,-,
129,,MAT / M203 LIVE FIRING RECCE,SAFTI LFA,,,,0,0,0,0,0,0,0,0,0,0,,0,0,0,0,0,0,0,0,0,0,0,0,0,0,,,,,-,DMCC,,,,-,0,,0,0,0,0,0,0,0,0,0,0,0,0,0,0,0,0,0,0,0,0,0,0,0,0,0,0,0,0,0,0,0,0,0,0,0,0,0,0,0,0,0,0,0,0,0,0,0,0,0,0,0,0,0,0,0,0,0,0,0,0,0,0,0,0,0,0,0,0,0,0,0,0,0,0,0,0,0,0,0,0,0,0,0,0,0,0,0,0,0,0,0,0,0,0,0,0,0,0,0,0,0,0,0,0,0,,0,0,0,0,0,0,0,0,0,0,0,0,0,0,0,0,,0,0,0,,,-,,,,-,-,1,-,-,-,-,1,SAFTI MI,SAFTI LFA,Y,-,-,Y,-,-,-,-,-,-,-,-,-,-,,-,-,-,-,-,-,-,-,,Y,-,-,-,-,-,-,-,-,-,,-,-,-,-,-,
130,,MAT/M203 IGTS,IGTS,,-,-,0,0,0,0,0,0,0,0,0,0,,0,0,0,0,0,0,0,0,0,0,0,0,0,0,,,,,-,DMCC,,,,-,0,,0,0,0,0,0,0,0,0,0,0,0,0,0,0,0,0,0,0,0,0,0,0,0,0,0,0,0,0,0,0,0,0,0,0,0,0,0,0,0,0,0,0,0,0,0,0,0,0,0,0,0,0,0,0,0,0,0,0,0,0,0,0,0,0,0,0,0,0,0,0,0,0,0,0,0,0,0,0,0,0,0,0,0,0,0,0,0,0,0,0,0,0,0,0,0,0,0,0,0,0,0,0,0,0,0,,0,0,0,0,0,0,0,0,0,0,0,0,0,0,0,0,,0,0,0,,,-,,,,-,-,-,-,1,-,-,-,-,-,-,1 X CAT 1 TONNER,-,Y,-,-,-,-,-,-,-,-,-,-,,-,-,-,-,-,-,-,-,,Y,-,-,-,-,-,-,-,-,-,,-,-,Y,-,-,Y
131,,METABOLIC CIRCUIT,-,,-,-,0,0,0,0,0,0,0,0,0,0,,0,0,0,0,0,0,0,0,0,0,0,0,0,0,,,-,-,-,DMCC,,-,-,-,0,,0,0,0,0,0,0,0,0,0,0,0,0,0,0,0,0,0,0,0,0,0,0,0,0,0,0,0,0,0,0,0,0,0,0,0,0,0,0,0,0,0,0,0,0,0,0,0,0,0,0,0,0,0,0,0,0,0,0,0,0,0,0,0,0,0,0,0,0,0,0,0,0,0,0,0,0,0,0,0,0,0,0,0,0,0,0,0,0,0,0,0,0,0,0,0,0,0,0,0,0,0,0,0,0,0,,0,0,0,0,0,0,0,0,0,0,0,0,0,0,0,0,,0,0,0,,,-,,-,-,-,-,-,-,.,-,-,-,-,-,-,-,-,,-,-,-,-,-,-,-,-,-,-,,-,-,-,-,-,-,-,-,,,-,-,-,-,-,-,-,-,-,,-,-,-,-,-,
132,,NATIONAL DAY OBSERVANCE PARADE,-,,,,0,0,0,0,0,0,0,0,0,0,,0,0,0,0,0,0,0,0,0,0,0,0,0,0,,,,,-,DMCC,,,,-,0,,0,0,0,0,0,0,0,0,0,0,0,0,0,0,0,0,0,0,0,0,0,0,0,0,0,0,0,0,0,0,0,0,0,0,0,0,0,0,0,0,0,0,0,0,0,0,0,0,0,0,0,0,0,0,0,0,0,0,0,0,0,0,0,0,0,0,0,0,0,0,0,0,0,0,0,0,0,0,0,0,0,0,0,0,0,0,0,0,0,0,0,0,0,0,0,0,0,0,0,0,0,0,0,0,0,,0,0,0,0,0,0,0,0,0,0,0,0,0,0,0,0,,0,0,0,,,-,,,,-,-,-,-,-,-,-,-,-,-,-,-,-,,-,-,-,-,-,-,-,-,-,-,,-,-,-,-,-,-,-,-,,,-,-,-,-,-,-,-,-,-,,-,-,-,-,-,
133,,NAVY VISIT,-,,-,-,0,0,0,0,0,0,0,0,0,0,,0,0,0,0,0,0,0,0,0,0,0,0,0,0,,,-,-,-,DMCC,,-,-,-,0,,0,0,0,0,0,0,0,0,0,0,0,0,0,0,0,0,0,0,0,0,0,0,0,0,0,0,0,0,0,0,0,0,0,0,0,0,0,0,0,0,0,0,0,0,0,0,0,0,0,0,0,0,0,0,0,0,0,0,0,0,0,0,0,0,0,0,0,0,0,0,0,0,0,0,0,0,0,0,0,0,0,0,0,0,0,0,0,0,0,0,0,0,0,0,0,0,0,0,0,0,0,0,0,0,0,,0,0,0,0,0,0,0,0,0,0,0,0,0,0,0,0,,0,0,0,,,-,,-,-,-,-,-,,-,-,-,-,CARPARK A,SAFTI MI,-,-,-,,-,-,SAFTI MI,CHANGI NAVAL BASE,-,11,-,DISPOSAL / ONE-WAY,-,-,Y,-,-,-,-,-,-,-,-,,Y,-,-,-,-,-,-,-,-,-,,-,-,-,-,-,
134,,PHYSICAL TRAINING,-,,-,-,0,0,0,0,0,0,0,0,0,0,,0,0,0,0,0,0,0,0,0,0,0,0,0,0,,,-,-,-,DMCC,,-,-,-,0,,0,0,0,0,0,0,0,0,0,0,0,0,0,0,0,0,0,0,0,0,0,0,0,0,0,0,0,0,0,0,0,0,0,0,0,0,0,0,0,0,0,0,0,0,0,0,0,0,0,0,0,0,0,0,0,0,0,0,0,0,0,0,0,0,0,0,0,0,0,0,0,0,0,0,0,0,0,0,0,0,0,0,0,0,0,0,0,0,0,0,0,0,0,0,0,0,0,0,0,0,0,0,0,0,0,,0,0,0,0,0,0,0,0,0,0,0,0,0,0,0,0,,0,0,0,,,-,,-,-,-,-,-,-,-,-,-,-,-,-,-,-,-,,-,-,-,-,-,-,-,-,-,-,,-,-,-,-,-,-,-,-,,,-,-,-,-,-,-,-,-,-,,-,-,-,-,-,
135,,PLATOON ASSAULT COURSE,SAFTI 100M RANGE,,,,0,0,0,0,1,0,0,0,10,0,Y,0,0,0,0,0,0,0,0,0,0,0,0,0,0,,Y,,,SAFTI MI,1,Y,,,PLAD,0,,0,0,0,0,0,5,0,0,0,0,0,0,0,0,0,0,0,0,0,0,0,0,0,0,0,0,0,0,0,0,0,0,0,0,0,0,0,0,0,0,0,0,0,0,0,0,0,0,0,0,0,0,0,0,0,0,0,0,0,0,0,0,0,0,0,0,0,0,0,0,0,0,0,0,0,0,0,0,0,0,0,0,0,0,0,0,0,0,0,0,0,0,0,0,0,0,0,0,0,0,0,0,0,0,0,Y,0,0,0,0,0,0,0,0,0,0,0,0,0,0,0,0,,0,0,0,,Y,-,,,,-,-,1,1,1,-,-,3,SAFTI MI,SAFTI 100M / SAFTI MI,-,-,-,Y,-,-,-,-,-,-,-,-,-,-,,-,-,-,-,-,-,-,-,,Y,-,-,-,-,-,-,-,-,-,,-,-,Y,Y,-,Y
136,,PLATOON ASSAULT COURSE FAM,SAFTI 100M RANGE,,,,0,0,0,0,0,0,0,0,0,0,,0,0,0,0,0,0,0,0,0,0,0,0,0,0,,,,,SAFTI MI,1,Y,,,-,0,,0,0,0,0,0,0,0,0,0,0,0,0,0,0,0,0,0,0,0,0,0,0,0,0,0,0,0,0,0,0,0,0,0,0,0,0,0,0,0,0,0,0,0,0,0,0,0,0,0,0,0,0,0,0,0,0,0,0,0,0,0,0,0,0,0,0,0,0,0,0,0,0,0,0,0,0,0,0,0,0,0,0,0,0,0,0,0,0,0,0,0,0,0,0,0,0,0,0,0,0,0,0,0,0,0,,0,0,0,0,0,0,0,0,0,0,0,0,0,0,0,0,,0,0,0,,,-,,,,-,-,-,1,-,-,-,1,SAFTI MI,SAFTI MI,-,-,-,Y,-,-,-,-,-,-,-,-,-,-,,-,-,-,-,-,-,-,-,,Y,-,-,-,-,-,-,-,-,-,,-,-,Y,Y,-,Y
137,,PLATOON HARBOURING DRILL,-,,-,-,0,0,0,0,0,0,0,0,0,0,,0,0,0,0,0,0,0,0,0,0,0,0,0,0,,,-,-,-,DMCC,,-,-,-,0,,0,0,0,0,0,0,0,0,0,0,0,0,0,0,0,0,0,0,0,0,0,0,0,0,0,0,0,0,0,0,0,0,0,0,0,0,0,0,0,0,0,0,0,0,0,0,0,0,0,0,0,0,0,0,0,0,0,0,0,0,0,0,0,0,0,0,0,0,0,0,0,0,0,0,0,0,0,0,0,0,0,0,0,0,0,0,0,0,0,0,0,0,0,0,0,0,0,0,0,0,0,0,0,0,0,,0,0,0,0,0,0,0,0,0,0,0,0,0,0,0,0,,0,0,0,,,-,,-,-,-,-,-,-,-,-,-,-,-,-,-,-,-,,-,-,-,-,-,-,-,-,-,-,,-,-,-,-,-,-,-,-,,,-,-,-,-,-,-,-,-,-,,-,-,-,-,-,
138,,PT EXCELLENCE,-,,,,0,0,0,0,0,0,0,0,0,0,,0,0,0,0,0,0,0,0,0,0,0,0,0,0,,,,,SAFTI MI,1,Y,,,-,0,,0,0,0,0,0,0,0,0,0,0,0,0,0,0,0,0,0,0,0,0,0,0,0,0,0,0,0,0,0,0,0,0,0,0,0,0,0,0,0,0,0,0,0,0,0,0,0,0,0,0,0,0,0,0,0,0,0,0,0,0,0,0,0,0,0,0,0,0,0,0,0,0,0,0,0,0,0,0,0,0,0,0,0,0,0,0,0,0,0,0,0,0,0,0,0,0,0,0,0,0,0,0,0,0,0,,0,0,0,0,0,0,0,0,0,0,0,0,0,0,0,0,,0,0,0,,,-,,,,-,-,-,2,-,-,-,2,SAFTI MI,SAFTI MI,-,-,-,Y,-,-,-,-,-,-,-,-,-,-,,-,-,-,-,-,-,-,-,,Y,-,-,-,-,-,-,-,-,-,,-,-,-,-,-,
139,,PT EXCELLENCE (RESERVE),-,,,,0,0,0,0,0,0,0,0,0,0,,0,0,0,0,0,0,0,0,0,0,0,0,0,0,,,,,SAFTI MI,1,Y,,,-,0,,0,0,0,0,0,0,0,0,0,0,0,0,0,0,0,0,0,0,0,0,0,0,0,0,0,0,0,0,0,0,0,0,0,0,0,0,0,0,0,0,0,0,0,0,0,0,0,0,0,0,0,0,0,0,0,0,0,0,0,0,0,0,0,0,0,0,0,0,0,0,0,0,0,0,0,0,0,0,0,0,0,0,0,0,0,0,0,0,0,0,0,0,0,0,0,0,0,0,0,0,0,0,0,0,0,,0,0,0,0,0,0,0,0,0,0,0,0,0,0,0,0,,0,0,0,,,-,,,,-,-,-,2,-,-,-,2,SAFTI MI,SAFTI MI,-,-,-,Y,-,-,-,-,-,-,-,-,-,-,,-,-,-,-,-,-,-,-,,Y,-,-,-,-,-,-,-,-,-,,-,-,-,-,-,
140,,PTCO DAY 1 (LECTURE),-,,-,-,0,0,0,0,0,0,0,0,0,0,,0,0,0,0,0,0,0,0,0,0,0,0,0,0,,,071217 0800,071217 1800,-,DMCC,,071217 0600,071217 2359,-,0,,0,0,0,0,0,0,0,0,0,0,0,0,0,0,0,0,0,0,0,0,0,0,0,0,0,0,0,0,0,0,0,0,0,0,0,0,0,0,0,0,0,0,0,0,0,0,0,0,0,0,0,0,0,0,0,0,0,0,0,0,0,0,0,0,0,0,0,0,0,0,0,0,0,0,0,0,0,0,0,0,0,0,0,0,0,0,0,0,0,0,0,0,0,0,0,0,0,0,0,0,0,0,0,0,0,,0,0,0,0,0,0,0,0,0,0,0,0,0,0,0,0,,0,0,0,,,-,,071217 1700,081217 0600,-,-,-,-,-,-,-,-,-,-,-,-,-,,-,-,-,-,-,-,-,-,-,-,,-,-,-,-,-,-,-,-,,,-,-,-,-,-,-,-,-,-,,-,-,-,-,-,
141,,PTCO DAY 2 (JUDGMENTAL VIDEO TRAINING),IGTS,,-,-,0,0,0,0,0,0,0,0,0,0,,0,0,0,0,0,0,0,0,0,0,0,0,0,0,,,071217 0800,071217 1800,-,DMCC,,071217 0600,071217 2359,-,0,,0,0,0,0,0,0,0,0,0,0,0,0,0,0,0,0,0,0,0,0,0,0,0,0,0,0,0,0,0,0,0,0,0,0,0,0,0,0,0,0,0,0,0,0,0,0,0,0,0,0,0,0,0,0,0,0,0,0,0,0,0,0,0,0,0,0,0,0,0,0,0,0,0,0,0,0,0,0,0,0,0,0,0,0,0,0,0,0,0,0,0,0,0,0,0,0,0,0,0,0,0,0,0,0,0,,0,0,0,0,0,0,0,0,0,0,0,0,0,0,0,0,,0,0,0,,,-,,071217 1700,081217 0600,-,-,-,-,-,-,-,-,-,-,-,-,-,,-,-,-,-,-,-,-,-,-,-,,-,-,-,-,-,-,-,-,,,-,-,-,-,-,-,-,-,-,,-,-,Y,-,-,Y
142,,PTCO DAY 3 (WINGLINE TRAINING),-,,-,-,0,0,0,0,0,0,0,0,0,0,,0,0,0,0,0,0,0,0,0,0,0,0,0,0,,,071217 0800,071217 1800,-,DMCC,,071217 0600,071217 2359,-,0,,0,0,0,0,0,0,0,0,0,0,0,0,0,0,0,0,0,0,0,0,0,0,0,0,0,0,0,0,0,0,0,0,0,0,0,0,0,0,0,0,0,0,0,0,0,0,0,0,0,0,0,0,0,0,0,0,0,0,0,0,0,0,0,0,0,0,0,0,0,0,0,0,0,0,0,0,0,0,0,0,0,0,0,0,0,0,0,0,0,0,0,0,0,0,0,0,0,0,0,0,0,0,0,0,0,,0,0,0,0,0,0,0,0,0,0,0,0,0,0,0,0,,0,0,0,,,-,,071217 1700,081217 0600,-,-,-,-,-,-,-,-,SAFTI MI,SAFTI MI,-,-,-,,-,-,-,-,-,-,-,-,-,-,,-,-,-,-,-,-,-,-,,,-,-,-,-,-,-,-,-,-,,-,-,-,-,-,
143,,EX.RELENTLESS,TEKONG,,,,0,30,30,0,6,0,0,0,0,12,Y,0,0,0,0,0,0,0,0,20,0,0,0,0,0,Y,Y,,,PULAU TEKONG,4,Y,,,TEKONG,0,,200,0,0,0,0,0,0,0,0,0,0,0,0,0,0,0,0,0,0,0,0,0,0,0,0,0,0,0,0,0,0,0,0,0,0,0,0,0,0,0,0,0,0,0,0,0,0,0,0,0,0,0,0,0,0,0,0,0,0,0,0,0,0,0,0,0,0,0,0,0,0,0,0,0,0,0,0,0,0,0,0,0,0,0,0,2,0,0,0,0,0,0,0,0,0,0,0,0,0,70,0,0,0,0,0,Y,0,0,0,0,0,0,0,0,0,0,0,0,0,0,0,0,,0,0,0,,Y,Y,Y,,,-,-,-,-,-,3,4,4,"SAFTI MI (BLK 27, TWG) ",PULAU TEKONG,"PARKOVER 4 X 5T ON 010526
 (2 @ TWG, 1 @ CWG, 1 @ DWG)","DRAW LUV FROM TEKONG
 SOUV AND 5T FROM PLC NODE",-,Y,-,-,"SAFTI MI (BLK 27, TWG) ",SFT,-,-,-,2-WAY,-,-,Y,-,-,-,"4x OUV, 5x 5Ton
1x 5Ton + Boat Trailer",-,-,-,-,Y,Y,-,-,-,-,-,-,-,-,Y,Y,-,-,Y,-,-,Y
144,,EX.RELENTLESS Recovery,TEKONG,,,,0,0,0,0,0,0,0,0,0,12,Y,0,0,0,0,0,0,0,0,25,0,0,0,0,0,Y,Y,,,-,-,-,,,TEKONG,0,,0,0,0,0,0,0,0,0,0,0,0,0,0,0,0,0,0,0,0,0,0,0,0,0,0,0,0,0,0,0,0,0,0,0,0,0,0,0,0,0,0,0,0,0,0,0,0,0,0,0,0,0,0,0,0,0,0,0,0,0,0,0,0,0,0,0,0,0,0,0,0,0,0,0,0,0,0,0,0,0,0,0,0,0,0,0,0,0,0,0,0,0,0,0,0,0,0,0,0,0,0,0,0,0,0,,0,0,0,0,0,0,0,0,0,0,0,0,0,0,0,0,,0,0,0,,Y,Y,Y,,,-,-,-,-,-,-,1x15T,1,TFT,SFT,,-,-,Y,-,-,-,-,-,-,-,Disposal,-,-,Y,-,-,-,1x15Ton,-,-,-,-,Y,Y,-,-,-,-,-,-,-,-,Y,Y,-,-,Y,-,-,Y
145,,R240 (4 WINGS),TEKONG,,,,0,30,30,0,4,0,0,0,0,12,Y,0,0,0,0,0,0,0,0,25,0,0,0,0,0,Y,Y,,,PULAU TEKONG,8,Y,,,TEKONG,0,,0,0,0,0,0,80,0,0,0,0,0,0,0,0,0,0,0,0,0,0,0,0,0,0,0,0,0,0,0,0,0,0,0,0,0,0,0,0,0,0,0,0,0,0,0,0,0,0,0,0,0,0,0,0,0,0,0,0,0,0,0,0,0,0,0,0,0,0,0,0,0,0,0,0,0,0,0,0,0,0,0,0,0,0,0,4,0,0,0,0,0,0,0,0,0,0,0,0,0,0,0,0,0,0,0,Y,0,0,0,0,0,0,0,0,0,0,0,0,0,0,0,0,,0,0,0,,Y,Y,Y,,,-,-,-,-,-,-,"2 x GSB, 1 x Trailer from Day 6 - 10",-,SAFTI MI,PULAU TEKONG,Y,-,-,,-,-,SAFTI MI,SFT,-,8,-,2-WAY,-,-,Y,"DAY 1 - 10
DAY 6 - 10","MR / LR
MR / LR","LR / MR
LR / MR","12x OUV, 8x 5Ton
1x 5Ton + Boat Trailer",DAY 1 - 10,MR / LR,LR / MR,400,Y,Y,-,-,-,-,-,-,-,-,Y,Y,-,-,Y,-,-,Y
146,,R240 RECCE,TEKONG,,-,-,0,0,0,0,0,0,0,0,0,0,,0,0,0,0,0,0,0,0,0,0,0,0,0,0,,,-,-,-,DMCC,,-,-,-,0,,0,0,0,0,0,0,0,0,0,0,0,0,0,0,0,0,0,0,0,0,0,0,0,0,0,0,0,0,0,0,0,0,0,0,0,0,0,0,0,0,0,0,0,0,0,0,0,0,0,0,0,0,0,0,0,0,0,0,0,0,0,0,0,0,0,0,0,0,0,0,0,0,0,0,0,0,0,0,0,0,0,0,0,0,0,0,0,0,0,0,0,0,0,0,0,0,0,0,0,0,0,0,0,0,0,,0,0,0,0,0,0,0,0,0,0,0,0,0,0,0,0,,0,0,0,,,-,,,,-,-,2,-,-,-,-,-,-,-,-,-,-,Y,-,-,-,-,-,-,-,-,-,-,,SAME DAY,MR / LR,LR / MR,2xOUV,SAME DAY,MR / LR,LR / MR,20,Y,Y,-,-,-,-,-,-,-,-,-,,-,-,-,-,-,
147,,REMEDIAL TRAINING,-,,-,-,0,0,0,0,0,0,0,0,0,0,,0,0,0,0,0,0,0,0,0,0,0,0,0,0,,,-,-,-,-,,-,-,-,0,,0,0,0,0,0,0,0,0,0,0,0,0,0,0,0,0,0,0,0,0,0,0,0,0,0,0,0,0,0,0,0,0,0,0,0,0,0,0,0,0,0,0,0,0,0,0,0,0,0,0,0,0,0,0,0,0,0,0,0,0,0,0,0,0,0,0,0,0,0,0,0,0,0,0,0,0,0,0,0,0,0,0,0,0,0,0,0,0,0,0,0,0,0,0,0,0,0,0,0,0,0,0,0,0,0,,0,0,0,0,0,0,0,0,0,0,0,0,0,0,0,0,,0,0,0,,,-,,-,-,-,-,-,-,-,-,-,-,-,-,-,-,-,,-,-,-,-,-,-,-,-,-,-,,-,-,-,-,-,-,-,-,,,-,-,-,-,-,-,-,-,-,,-,-,-,-,-,
148,,ROUTE MARCH - 03KM,-,,,,0,0,0,0,0,0,0,0,0,0,,0,0,0,0,0,0,0,0,0,0,0,0,0,0,,,,,-,DMCC,,,,-,0,,0,0,0,0,0,0,0,0,0,0,0,0,0,0,0,0,0,0,0,0,0,0,0,0,0,0,0,0,0,0,0,0,0,0,0,0,0,0,0,0,0,0,0,0,0,0,0,0,0,0,0,0,0,0,0,0,0,0,0,0,0,0,0,0,0,0,0,0,0,0,0,0,0,0,0,0,0,0,0,0,0,0,0,0,0,0,0,0,0,0,0,0,0,0,0,0,0,0,0,0,0,0,0,0,0,,0,0,0,0,0,0,0,0,0,0,0,0,0,0,0,0,,0,0,0,,,-,,,,-,-,-,-,-,-,-,-,-,-,-,-,-,,-,-,-,-,-,-,-,-,-,-,,-,-,-,-,-,-,-,-,,,-,-,-,-,-,-,-,-,-,,-,-,-,-,-,
149,,ROUTE MARCH - 04KM,-,,,,0,0,0,0,0,0,0,0,0,0,,0,0,0,0,0,0,0,0,0,0,0,0,0,0,,,,,-,DMCC,,,,-,0,,0,0,0,0,0,0,0,0,0,0,0,0,0,0,0,0,0,0,0,0,0,0,0,0,0,0,0,0,0,0,0,0,0,0,0,0,0,0,0,0,0,0,0,0,0,0,0,0,0,0,0,0,0,0,0,0,0,0,0,0,0,0,0,0,0,0,0,0,0,0,0,0,0,0,0,0,0,0,0,0,0,0,0,0,0,0,0,0,0,0,0,0,0,0,0,0,0,0,0,0,0,0,0,0,0,,0,0,0,0,0,0,0,0,0,0,0,0,0,0,0,0,,0,0,0,,,-,,,,-,-,-,-,-,-,-,-,-,-,-,-,-,,-,-,-,-,-,-,-,-,-,-,,-,-,-,-,-,-,-,-,,,-,-,-,-,-,-,-,-,-,,-,-,-,-,-,
150,,ROUTE MARCH - 06 KM + CETL,-,,,,0,0,0,0,0,0,0,0,0,0,,0,0,0,0,0,0,0,0,0,0,0,0,0,0,,,,,SAFTI MI,1,Y,,,-,0,,0,0,0,0,0,0,0,0,0,0,0,0,0,0,0,0,0,0,0,0,0,0,0,0,0,0,0,0,0,0,0,0,0,0,0,0,0,0,0,0,0,0,0,0,0,0,0,0,0,0,0,0,0,0,0,0,0,0,0,0,0,0,0,0,0,0,0,0,0,0,0,0,0,0,0,0,0,0,0,0,0,0,0,0,0,0,0,0,0,0,0,0,0,0,0,0,0,0,0,0,0,0,0,0,0,,0,0,0,0,0,0,0,0,0,0,0,0,0,0,0,0,,0,0,0,,,-,,,,-,-,-,1,-,-,-,1,SAFTI MI,SAFTI MI,-,-,-,Y,-,-,-,-,-,-,-,-,-,-,,-,-,-,-,-,-,-,-,,Y,-,-,-,-,-,-,-,-,-,,-,-,-,-,-,
151,,ROUTE MARCH - 06KM,-,,,,0,0,0,0,0,0,0,0,0,0,,0,0,0,0,0,0,0,0,0,0,0,0,0,0,,,,,-,DMCC,,,,-,0,,0,0,0,0,0,0,0,0,0,0,0,0,0,0,0,0,0,0,0,0,0,0,0,0,0,0,0,0,0,0,0,0,0,0,0,0,0,0,0,0,0,0,0,0,0,0,0,0,0,0,0,0,0,0,0,0,0,0,0,0,0,0,0,0,0,0,0,0,0,0,0,0,0,0,0,0,0,0,0,0,0,0,0,0,0,0,0,0,0,0,0,0,0,0,0,0,0,0,0,0,0,0,0,0,0,,0,0,0,0,0,0,0,0,0,0,0,0,0,0,0,0,,0,0,0,,,-,,,,-,-,-,-,-,-,-,-,-,-,-,-,-,,-,-,-,-,-,-,-,-,-,-,,-,-,-,-,-,-,-,-,,,-,-,-,-,-,-,-,-,-,,-,-,-,-,-,
152,,ROUTE MARCH - 08KM,-,,,,0,0,0,0,0,0,0,0,0,0,,0,0,0,0,0,0,0,0,0,0,0,0,0,0,,,,,SAFTI MI,1,Y,,,-,0,,0,0,0,0,0,0,0,0,0,0,0,0,0,0,0,0,0,0,0,0,0,0,0,0,0,0,0,0,0,0,0,0,0,0,0,0,0,0,0,0,0,0,0,0,0,0,0,0,0,0,0,0,0,0,0,0,0,0,0,0,0,0,0,0,0,0,0,0,0,0,0,0,0,0,0,0,0,0,0,0,0,0,0,0,0,0,0,0,0,0,0,0,0,0,0,0,0,0,0,0,0,0,0,0,0,,0,0,0,0,0,0,0,0,0,0,0,0,0,0,0,0,,0,0,0,,,-,,,,-,-,-,1,-,-,-,1,SAFTI MI,SAFTI MI,-,-,-,Y,-,-,-,-,-,-,-,-,-,-,,-,-,-,-,-,-,-,-,,Y,-,-,-,-,-,-,-,-,-,,-,-,-,-,-,
153,,ROUTE MARCH - 09KM,-,,,,0,0,0,0,0,0,0,0,0,0,,0,0,0,0,0,0,0,0,0,0,0,0,0,0,,,,,SAFTI MI,1,Y,,,-,0,,0,0,0,0,0,0,0,0,0,0,0,0,0,0,0,0,0,0,0,0,0,0,0,0,0,0,0,0,0,0,0,0,0,0,0,0,0,0,0,0,0,0,0,0,0,0,0,0,0,0,0,0,0,0,0,0,0,0,0,0,0,0,0,0,0,0,0,0,0,0,0,0,0,0,0,0,0,0,0,0,0,0,0,0,0,0,0,0,0,0,0,0,0,0,0,0,0,0,0,0,0,0,0,0,0,,0,0,0,0,0,0,0,0,0,0,0,0,0,0,0,0,,0,0,0,,,-,,,,-,-,-,1,-,-,-,1,SAFTI MI,SAFTI MI,-,-,-,Y,-,-,-,-,-,-,-,-,-,-,,-,-,-,-,-,-,-,-,,Y,-,-,-,-,-,-,-,-,-,,-,-,-,-,-,
154,,ROUTE MARCH - 12KM,-,,,,0,0,0,0,0,0,0,0,0,0,,0,0,0,0,0,0,0,0,0,0,0,0,0,0,,,,,SAFTI MI,1,Y,,,-,0,,0,0,0,0,0,0,0,0,0,0,0,0,0,0,0,0,0,0,0,0,0,0,0,0,0,0,0,0,0,0,0,0,0,0,0,0,0,0,0,0,0,0,0,0,0,0,0,0,0,0,0,0,0,0,0,0,0,0,0,0,0,0,0,0,0,0,0,0,0,0,0,0,0,0,0,0,0,0,0,0,0,0,0,0,0,0,0,0,0,0,0,0,0,0,0,0,0,0,0,0,0,0,0,0,0,,0,0,0,0,0,0,0,0,0,0,0,0,0,0,0,0,,0,0,0,,,-,,,,-,-,-,1,-,-,-,1,SAFTI MI,SAFTI MI,-,-,-,Y,-,-,-,-,-,-,-,-,-,-,,-,-,-,-,-,-,-,-,,Y,-,-,-,-,-,-,-,-,-,,-,-,-,-,-,
155,,ROUTE MARCH - 16KM,-,,-,-,0,0,0,0,0,0,0,0,9,0,Y,0,0,0,0,0,0,0,0,0,0,0,0,0,0,,Y,061217 0800,061217 1800,SAFTI MI,1,Y,-,-,-,0,,0,0,0,0,0,0,0,0,0,0,0,0,0,0,0,0,0,0,0,0,0,0,0,0,0,0,0,0,0,0,0,0,0,0,0,0,0,0,0,0,0,0,0,0,0,0,0,0,0,0,0,0,0,0,0,0,0,0,0,0,0,0,0,0,0,0,0,0,0,0,0,0,0,0,0,0,0,0,0,0,0,0,0,0,0,0,0,0,0,0,0,0,0,0,0,0,0,0,0,0,0,0,0,0,0,,0,0,0,0,0,0,0,0,0,0,0,0,0,0,0,0,,0,0,0,,,-,,071217 0800,071217 1800,-,-,1,2,1,-,-,4,SAFTI MI,SAFTI MI,-,-,-,Y,-,-,-,-,-,-,-,-,-,-,,-,-,-,-,-,-,-,-,,Y,-,-,-,-,-,-,-,-,-,,-,-,Y,Y,-,Y
156,,ROUTE MARCH - 16KM RECCE,LFA,,-,-,0,0,0,0,0,0,0,0,0,0,,0,0,0,0,0,0,0,0,0,0,0,0,0,0,,,191217 1500,201217 1200,-,DMCC,,-,-,-,0,,0,0,0,0,0,0,0,0,0,0,0,0,0,0,0,0,0,0,0,0,0,0,0,0,0,0,0,0,0,0,0,0,0,0,0,0,0,0,0,0,0,0,0,0,0,0,0,0,0,0,0,0,0,0,0,0,0,0,0,0,0,0,0,0,0,0,0,0,0,0,0,0,0,0,0,0,0,0,0,0,0,0,0,0,0,0,0,0,0,0,0,0,0,0,0,0,0,0,0,0,0,0,0,0,0,,0,0,0,0,0,0,0,0,0,0,0,0,0,0,0,0,,0,0,0,,,-,,191217 1700,201217 1200,-,-,2,,,-,-,2,SAFTI MI,SAFTI MI,-,-,-,Y,-,-,-,-,-,-,-,-,-,-,,-,-,-,-,-,-,-,-,,Y,-,-,-,-,-,-,-,-,-,,-,-,Y,Y,-,Y
157,,ROUTE MARCH - 21KM + 3KM SEOC,LFA,,-,-,0,0,0,0,1,0,0,0,10,0,Y,0,0,0,0,0,0,0,0,0,0,0,0,0,0,,Y,191217 1500,201217 1200,SAFTI MI,1,Y,-,-,-,0,,0,0,0,0,0,0,0,0,0,0,0,0,0,0,0,0,0,0,0,0,0,0,0,0,0,0,0,0,0,0,0,0,0,0,0,0,0,0,0,0,0,0,0,0,0,0,0,0,0,0,0,0,0,0,0,0,0,0,0,0,0,0,0,0,0,0,0,0,0,0,0,0,0,0,0,0,0,0,0,0,0,0,0,0,0,0,0,0,0,0,0,0,0,0,0,0,0,0,0,0,0,0,0,0,0,,0,0,0,0,0,0,0,0,0,0,0,0,0,0,0,0,,0,0,0,,,1,Y,191217 1700,201217 1200,-,-,*,-,-,-,-,3,SAFTI MI,SAFTI MI / LFA,-,-,-,Y,-,-,-,-,-,-,-,-,-,-,,-,-,-,-,-,-,-,-,,Y,-,-,-,-,-,-,-,-,-,,-,-,Y,Y,-,Y
158,,ROUTE MARCH - 24KM,LFA,,-,-,0,0,0,0,1,0,0,0,10,0,Y,0,0,0,0,0,0,0,0,0,0,0,0,0,0,,Y,191217 1500,201217 1200,SAFTI MI,1,Y,-,-,-,0,,0,0,0,0,0,0,0,0,0,0,0,0,0,0,0,0,0,0,0,0,0,0,0,0,0,0,0,0,0,0,0,0,0,0,0,0,0,0,0,0,0,0,0,0,0,0,0,0,0,0,0,0,0,0,0,0,0,0,0,0,0,0,0,0,0,0,0,0,0,0,0,0,0,0,0,0,0,0,0,0,0,0,0,0,0,0,0,0,0,0,0,0,0,0,0,0,0,0,0,0,0,0,0,0,0,,0,0,0,0,0,0,0,0,0,0,0,0,0,0,0,0,,0,0,0,,,1,Y,191217 1700,201217 1200,-,-,-,1,1,-,-,3,SAFTI MI,SAFTI MI / LFA,-,-,-,Y,-,-,-,-,-,-,-,-,-,-,,-,-,-,-,-,-,-,-,,Y,-,-,-,-,-,-,-,-,-,,-,-,Y,Y,-,Y
159,,ROUTE MARCH - 24KM RECCE,LFA,,-,-,0,0,0,0,0,0,0,0,0,0,,0,0,0,0,0,0,0,0,0,0,0,0,0,0,,,191217 1500,201217 1200,-,DMCC,,-,-,-,0,,0,0,0,0,0,0,0,0,0,0,0,0,0,0,0,0,0,0,0,0,0,0,0,0,0,0,0,0,0,0,0,0,0,0,0,0,0,0,0,0,0,0,0,0,0,0,0,0,0,0,0,0,0,0,0,0,0,0,0,0,0,0,0,0,0,0,0,0,0,0,0,0,0,0,0,0,0,0,0,0,0,0,0,0,0,0,0,0,0,0,0,0,0,0,0,0,0,0,0,0,0,0,0,0,0,,0,0,0,0,0,0,0,0,0,0,0,0,0,0,0,0,,0,0,0,,,-,,191217 1700,201217 1200,-,-,2,,,-,-,2,SAFTI MI,SAFTI MI,-,-,-,Y,-,-,-,-,-,-,-,-,-,-,,-,-,-,-,-,-,-,-,,Y,-,-,-,-,-,-,-,-,-,,-,-,Y,Y,-,Y
160,,SAF DAY PARADE,-,,,,0,0,0,0,0,0,0,0,0,0,,0,0,0,0,0,0,0,0,0,0,0,0,0,0,,,,,-,DMCC,,,,-,0,,0,0,0,0,0,0,0,0,0,0,0,0,0,0,0,0,0,0,0,0,0,0,0,0,0,0,0,0,0,0,0,0,0,0,0,0,0,0,0,0,0,0,0,0,0,0,0,0,0,0,0,0,0,0,0,0,0,0,0,0,0,0,0,0,0,0,0,0,0,0,0,0,0,0,0,0,0,0,0,0,0,0,0,0,0,0,0,0,0,0,0,0,0,0,0,0,0,0,0,0,0,0,0,0,0,,0,0,0,0,0,0,0,0,0,0,0,0,0,0,0,0,,0,0,0,,,-,,,,-,-,-,-,-,-,-,-,-,-,-,-,-,,-,-,-,-,-,-,-,-,-,-,,-,-,-,-,-,-,-,-,,,-,-,-,-,-,-,-,-,-,,-,-,-,-,-,
161,,SAR / SAW LIVE FIRING 100M RANGE,SAFTI 100M RANGE,,,,0,0,0,0,0,0,0,0,0,0,,0,0,0,0,0,0,0,0,0,0,0,0,0,0,,,,,SAFTI 100M,1,Y,,,PLAD,0,,0,0,0,0,0,23,0,0,0,0,5,0,0,0,0,0,0,0,0,0,0,0,0,0,0,0,0,0,0,0,0,0,0,0,0,0,0,0,0,0,0,0,0,0,0,0,0,0,0,0,0,0,0,0,0,0,0,0,0,0,0,0,0,0,0,0,0,0,0,0,0,0,0,0,0,0,0,0,0,0,0,0,0,0,0,0,0,0,0,0,0,0,0,0,0,0,0,0,0,0,0,0,0,0,0,Y,0,0,0,0,0,0,0,0,0,0,0,0,0,0,0,0,,0,0,0,,Y,-,,,,-,-,1,1,1,-,-,3,SAFTI MI,SAFTI 100M RANGE,Y,-,-,Y,-,-,-,-,-,-,-,-,-,-,,-,-,-,-,-,-,-,-,,Y,-,-,-,-,-,-,-,-,-,,-,-,Y,Y,-,Y
162,,SAR / SAW LIVE FIRING 100M RANGE RECCE,SAFTI 100M RANGE,,,,0,0,0,0,0,0,0,0,0,0,,0,0,0,0,0,0,0,0,0,0,0,0,0,0,,,,,SAFTI 100M,-,,,,-,0,,0,0,0,0,0,0,0,0,0,0,0,0,0,0,0,0,0,0,0,0,0,0,0,0,0,0,0,0,0,0,0,0,0,0,0,0,0,0,0,0,0,0,0,0,0,0,0,0,0,0,0,0,0,0,0,0,0,0,0,0,0,0,0,0,0,0,0,0,0,0,0,0,0,0,0,0,0,0,0,0,0,0,0,0,0,0,0,0,0,0,0,0,0,0,0,0,0,0,0,0,0,0,0,0,0,,0,0,0,0,0,0,0,0,0,0,0,0,0,0,0,0,,0,0,0,,,-,,,,-,-,-,1,-,-,-,3,SAFTI MI,SAFTI 100M RANGE,Y,-,-,Y,-,-,-,-,-,-,-,-,-,-,,-,-,-,-,-,-,-,-,,Y,-,-,-,-,-,-,-,-,-,,-,-,-,-,-,
163,,SAR / SAW LIVE FIRING MMRC,SAFTI 100M RANGE,,,,0,0,0,0,0,0,0,0,0,0,,0,0,0,0,0,0,0,0,0,0,0,0,0,0,,,,,MMRC,-,,,,MMRC,0,,0,0,0,0,0,60,0,0,0,0,0,0,0,0,0,0,0,0,0,0,0,0,0,0,0,0,0,0,0,0,0,0,0,0,0,0,0,0,0,0,0,0,0,0,0,0,0,0,0,0,0,0,0,0,0,0,0,0,0,0,0,0,0,0,0,0,0,0,0,0,0,0,0,0,0,0,0,0,0,0,0,0,0,0,0,0,0,0,0,0,0,0,0,0,0,0,0,0,0,0,0,0,0,0,0,Y,0,0,0,0,0,0,0,0,0,0,0,0,0,0,0,0,,0,0,0,,Y,-,,,,-,-,1,-,1,-,1 X CAT 1 TONNER,1,SAFTI MI,MMRC,-,-,-,Y,-,-,-,-,-,-,-,-,-,-,,-,-,-,-,-,-,-,-,,Y,-,-,-,-,-,-,-,-,-,,-,-,Y,Y,-,Y
164,,SAR / SAW LIVE FIRING MMRC RECCE,SAFTI 100M RANGE,,,,0,0,0,0,0,0,0,0,0,0,,0,0,0,0,0,0,0,0,0,0,0,0,0,0,,,,,MMRC,-,,,,-,0,,0,0,0,0,0,0,0,0,0,0,0,0,0,0,0,0,0,0,0,0,0,0,0,0,0,0,0,0,0,0,0,0,0,0,0,0,0,0,0,0,0,0,0,0,0,0,0,0,0,0,0,0,0,0,0,0,0,0,0,0,0,0,0,0,0,0,0,0,0,0,0,0,0,0,0,0,0,0,0,0,0,0,0,0,0,0,0,0,0,0,0,0,0,0,0,0,0,0,0,0,0,0,0,0,0,,0,0,0,0,0,0,0,0,0,0,0,0,0,0,0,0,,0,0,0,,,-,,,,-,-,1,-,-,-,-,1,SAFTI MI,MMRC,-,-,-,Y,-,-,-,-,-,-,-,-,-,-,,-,-,-,-,-,-,-,-,,Y,-,-,-,-,-,-,-,-,-,,-,-,-,-,-,
165,ST,SENIOR BAR PARADE,-,,,,0,0,0,0,0,0,0,0,0,0,,0,0,0,0,0,0,0,0,0,0,0,0,0,0,,,,,-,DMCC,,,,-,0,,0,0,0,0,0,0,0,0,0,0,0,0,0,0,0,0,0,0,0,0,0,0,0,0,0,0,0,0,0,0,0,0,0,0,0,0,0,0,0,0,0,0,0,0,0,0,0,0,0,0,0,0,0,0,0,0,0,0,0,0,0,0,0,0,0,0,0,0,0,0,0,0,0,0,0,0,0,0,0,0,0,0,0,0,0,0,0,0,0,0,0,0,0,0,0,0,0,0,0,0,0,0,0,0,0,,0,0,0,0,0,0,0,0,0,0,0,0,0,0,0,0,,0,0,0,,,-,,,,-,-,-,-,-,-,-,-,-,-,-,-,-,,-,-,-,-,-,-,-,-,-,-,,-,-,-,-,-,-,-,-,,,-,-,-,-,-,-,-,-,-,,-,-,-,-,-,
166,,SEOC,-,,-,-,0,0,0,0,0,0,0,0,0,0,,0,0,0,0,0,0,0,0,0,0,0,0,0,0,,,131217 0700,131217 1000,SAFTI MI,1,Y,-,-,-,0,,0,0,0,0,0,0,0,0,0,0,0,0,0,0,0,0,0,0,0,0,0,0,0,0,0,0,0,0,0,0,0,0,0,0,0,0,0,0,0,0,0,0,0,0,0,0,0,0,0,0,0,0,0,0,0,0,0,0,0,0,0,0,0,0,0,0,0,0,0,0,0,0,0,0,0,0,0,0,0,0,0,0,0,0,0,0,0,0,0,0,0,0,0,0,0,0,0,0,0,0,0,0,0,0,0,,0,0,0,0,0,0,0,0,0,0,0,0,0,0,0,0,,0,0,0,,,-,,131217 0600,131217 1000,-,-,-,1,-,-,-,1,SAFTI MI,SAFTI MI,-,-,-,Y,-,-,-,-,-,-,-,-,-,-,,-,-,-,-,-,-,-,-,,Y,-,-,-,-,-,-,-,-,-,,-,-,-,-,-,
167,ST,SIGNAL PACKAGE,-,,,,0,0,0,0,0,0,0,0,0,0,,0,0,0,0,0,0,0,0,0,0,0,0,0,0,,,,,-,DMCC,,,,-,0,,0,0,0,0,0,0,0,0,0,0,0,0,0,0,0,0,0,0,0,0,0,0,0,0,0,0,0,0,0,0,0,0,0,0,0,0,0,0,0,0,0,0,0,0,0,0,0,0,0,0,0,0,0,0,0,0,0,0,0,0,0,0,0,0,0,0,0,0,0,0,0,0,0,0,0,0,0,0,0,0,0,0,0,0,0,0,0,0,0,0,0,0,0,0,0,0,0,0,0,0,0,0,0,0,0,,0,0,0,0,0,0,0,0,0,0,0,0,0,0,0,0,,0,0,0,,,-,,,,-,-,-,-,-,-,-,-,-,-,-,-,-,,-,-,SAFTI MI,STAGMONT CAMP,-,3,-,2-WAY,-,-,Y,-,-,-,-,-,-,-,-,,Y,-,-,-,-,-,-,-,-,-,,-,-,-,-,-,
168,,SOC 1-4,SOC GROUND,,-,-,0,0,0,0,0,0,0,0,0,0,,0,0,0,0,0,0,0,0,0,0,0,0,0,0,,,,,SOC GROUND,1,Y,-,-,-,0,,0,0,0,0,0,0,0,0,0,0,0,0,0,0,0,0,0,0,0,0,0,0,0,0,0,0,0,0,0,0,0,0,0,0,0,0,0,0,0,0,0,0,0,0,0,0,0,0,0,0,0,0,0,0,0,0,0,0,0,0,0,0,0,0,0,0,0,0,0,0,0,0,0,0,0,0,0,0,0,0,0,0,0,0,0,0,0,0,0,0,0,0,0,0,0,0,0,0,0,0,0,0,0,0,0,,0,0,0,0,0,0,0,0,0,0,0,0,0,0,0,0,,0,0,0,,,-,,,,-,-,-,1,-,-,-,1,SAFTI MI,SAFTI SOC GROUND,-,-,-,Y,-,-,-,-,-,-,-,-,-,-,,-,-,-,-,-,-,-,-,,Y,-,-,-,-,-,-,-,-,-,,-,Y,-,-,-,Y
169,,SOC 5,SOC GROUND,,-,-,0,0,0,0,0,0,0,0,0,0,,0,0,0,0,0,0,0,0,0,0,0,0,0,0,,,,,SOC GROUND,1,Y,-,-,-,0,,0,0,0,0,0,0,0,0,0,0,0,0,0,0,0,0,0,0,0,0,0,0,0,0,0,0,0,0,0,0,0,0,0,0,0,0,0,0,0,0,0,0,0,0,0,0,0,0,0,0,0,0,0,0,0,0,0,0,0,0,0,0,0,0,0,0,0,0,0,0,0,0,0,0,0,0,0,0,0,0,0,0,0,0,0,0,0,0,0,0,0,0,0,0,0,0,0,0,0,0,0,0,0,0,0,,0,0,0,0,0,0,0,0,0,0,0,0,0,0,0,0,,0,0,0,,,-,,,,-,-,-,1,-,-,-,1,SAFTI MI,SAFTI SOC GROUND,-,-,-,Y,-,-,-,-,-,-,-,-,-,-,,-,-,-,-,-,-,-,-,,Y,-,-,-,-,-,-,-,-,-,,-,Y,-,-,-,Y
170,,SOC 6,SOC GROUND,,-,-,0,0,0,0,0,0,0,0,0,0,,0,0,0,0,0,0,0,0,0,0,0,0,0,0,,,,,SOC GROUND,1,Y,-,-,-,0,,0,0,0,0,0,0,0,0,0,0,0,0,0,0,0,0,0,0,0,0,0,0,0,0,0,0,0,0,0,0,0,0,0,0,0,0,0,0,0,0,0,0,0,0,0,0,0,0,0,0,0,0,0,0,0,0,0,0,0,0,0,0,0,0,0,0,0,0,0,0,0,0,0,0,0,0,0,0,0,0,0,0,0,0,0,0,0,0,0,0,0,0,0,0,0,0,0,0,0,0,0,0,0,0,0,,0,0,0,0,0,0,0,0,0,0,0,0,0,0,0,0,,0,0,0,,,-,,,,-,-,-,-,-,-,1,1,SAFTI MI,SAFTI SOC GROUND,-,-,-,Y,-,-,-,-,-,-,-,-,-,-,,-,-,-,-,-,-,-,-,,Y,-,-,-,-,-,-,-,-,-,,-,Y,-,-,-,Y
171,,SOC 7,SOC GROUND,,-,-,0,0,0,0,0,0,0,0,0,0,,0,0,0,0,0,0,0,0,0,0,0,0,0,0,,,,,SOC GROUND,1,Y,-,-,-,0,,0,0,0,0,0,0,0,0,0,0,0,0,0,0,0,0,0,0,0,0,0,0,0,0,0,0,0,0,0,0,0,0,0,0,0,0,0,0,0,0,0,0,0,0,0,0,0,0,0,0,0,0,0,0,0,0,0,0,0,0,0,0,0,0,0,0,0,0,0,0,0,0,0,0,0,0,0,0,0,0,0,0,0,0,0,0,0,0,0,0,0,0,0,0,0,0,0,0,0,0,0,0,0,0,0,,0,0,0,0,0,0,0,0,0,0,0,0,0,0,0,0,,0,0,0,,,-,,,,-,-,-,-,-,-,1,1,SAFTI MI,SAFTI SOC GROUND,-,-,-,Y,-,-,-,-,-,-,-,-,-,-,,-,-,-,-,-,-,-,-,,Y,-,-,-,-,-,-,-,-,-,,-,Y,-,-,-,Y
172,,SPEED TRAINING,-,,-,-,0,0,0,0,0,0,0,0,0,0,,0,0,0,0,0,0,0,0,0,0,0,0,0,0,,,-,-,-,DMCC,,-,-,-,0,,0,0,0,0,0,0,0,0,0,0,0,0,0,0,0,0,0,0,0,0,0,0,0,0,0,0,0,0,0,0,0,0,0,0,0,0,0,0,0,0,0,0,0,0,0,0,0,0,0,0,0,0,0,0,0,0,0,0,0,0,0,0,0,0,0,0,0,0,0,0,0,0,0,0,0,0,0,0,0,0,0,0,0,0,0,0,0,0,0,0,0,0,0,0,0,0,0,0,0,0,0,0,0,0,0,,0,0,0,0,0,0,0,0,0,0,0,0,0,0,0,0,,0,0,0,,,-,,-,-,-,-,-,-,-,-,-,-,-,-,-,-,-,,-,-,-,-,-,-,-,-,-,-,,-,-,-,-,-,-,-,-,,,-,-,-,-,-,-,-,-,-,,-,-,-,-,-,Y
173,,"SPEED, AGILITY, QUICKNESS",-,,-,-,0,0,0,0,0,0,0,0,0,0,,0,0,0,0,0,0,0,0,0,0,0,0,0,0,,,-,-,-,DMCC,,-,-,-,0,,0,0,0,0,0,0,0,0,0,0,0,0,0,0,0,0,0,0,0,0,0,0,0,0,0,0,0,0,0,0,0,0,0,0,0,0,0,0,0,0,0,0,0,0,0,0,0,0,0,0,0,0,0,0,0,0,0,0,0,0,0,0,0,0,0,0,0,0,0,0,0,0,0,0,0,0,0,0,0,0,0,0,0,0,0,0,0,0,0,0,0,0,0,0,0,0,0,0,0,0,0,0,0,0,0,,0,0,0,0,0,0,0,0,0,0,0,0,0,0,0,0,,0,0,0,,,-,,-,-,-,-,-,-,-,-,-,-,-,-,-,-,-,,-,-,-,-,-,-,-,-,-,-,,-,-,-,-,-,-,-,-,,,-,-,-,-,-,-,-,-,-,,-,-,-,-,-,
174,,STAIRS TRAINING,-,,-,-,0,0,0,0,0,0,0,0,0,0,,0,0,0,0,0,0,0,0,0,0,0,0,0,0,,,-,-,-,DMCC,,-,-,-,0,,0,0,0,0,0,0,0,0,0,0,0,0,0,0,0,0,0,0,0,0,0,0,0,0,0,0,0,0,0,0,0,0,0,0,0,0,0,0,0,0,0,0,0,0,0,0,0,0,0,0,0,0,0,0,0,0,0,0,0,0,0,0,0,0,0,0,0,0,0,0,0,0,0,0,0,0,0,0,0,0,0,0,0,0,0,0,0,0,0,0,0,0,0,0,0,0,0,0,0,0,0,0,0,0,0,,0,0,0,0,0,0,0,0,0,0,0,0,0,0,0,0,,0,0,0,,,-,,-,-,-,-,-,-,-,-,-,-,-,-,-,-,-,,-,-,-,-,-,-,-,-,-,-,,-,-,-,-,-,-,-,-,,,-,-,-,-,-,-,-,-,-,,-,-,-,-,-,Y
175,,STRENGTH TRAINING,"TWG, CWG, EWG Gym",,,,0,0,0,0,0,0,0,0,0,0,,0,0,0,0,0,0,0,0,0,0,0,0,0,0,,,,,SAFTI MI Stadium,DMCC,,,,-,0,,0,0,0,0,0,0,0,0,0,0,0,0,0,0,0,0,0,0,0,0,0,0,0,0,0,0,0,0,0,0,0,0,0,0,0,0,0,0,0,0,0,0,0,0,0,0,0,0,0,0,0,0,0,0,0,0,0,0,0,0,0,0,0,0,0,0,0,0,0,0,0,0,0,0,0,0,0,0,0,0,0,0,0,0,0,0,0,0,0,0,0,0,0,0,0,0,0,0,0,0,0,0,0,0,0,,0,0,0,0,0,0,0,0,0,0,0,0,0,0,0,0,,0,0,0,,,-,,,,-,-,-,-,-,-,-,-,-,-,-,-,-,,-,-,-,-,-,-,-,-,-,-,,-,-,-,-,-,-,-,-,,,-,-,-,-,-,-,-,-,-,,-,-,-,-,-,-
176,,SUBALTERN'S PARADE,PLC POOL,,-,-,0,0,0,0,0,0,0,0,0,0,,0,0,0,0,0,0,0,0,0,0,0,0,0,0,,,,,-,DMCC,,,,-,0,,0,0,0,0,0,0,0,0,0,0,0,0,0,0,0,0,0,0,0,0,0,0,0,0,0,0,0,0,0,0,0,0,0,0,0,0,0,0,0,0,0,0,0,0,0,0,0,0,0,0,0,0,0,0,0,0,0,0,0,0,0,0,0,0,0,0,0,0,0,0,0,0,0,0,0,0,0,0,0,0,0,0,0,0,0,0,0,0,0,0,0,0,0,0,0,0,0,0,0,0,0,0,0,0,0,,0,0,0,0,0,0,0,0,0,0,0,0,0,0,0,0,,0,0,0,,,-,,,,-,-,-,-,-,-,-,-,-,-,-,-,-,,-,-,-,-,-,-,-,-,-,-,,-,-,-,-,-,-,-,-,,,-,-,-,-,-,-,-,-,-,,-,-,Y,-,-,Y
177,,SWIM,MMRC,,,,0,0,0,0,0,0,0,0,0,0,,0,0,0,0,0,0,0,0,0,0,0,0,0,0,,,,,-,DMCC,,,,MMRC,0,,0,14,20,0,0,0,14,20,0,0,0,0,0,0,0,0,0,0,0,0,0,0,0,0,0,0,0,0,0,0,0,0,0,0,0,0,0,0,0,0,0,0,0,0,0,0,0,0,0,0,0,0,0,0,0,0,0,0,0,0,0,0,0,0,0,0,0,0,0,0,0,0,0,0,0,0,0,0,0,0,0,0,0,0,0,0,0,0,0,0,0,0,0,0,0,0,0,0,0,0,0,0,0,0,0,Y,0,0,0,0,0,0,0,0,0,0,0,0,0,0,0,0,,0,0,0,,Y,-,,,,-,-,1,-,1,-,1 X CAT 1 TONNER,1,SAFTI MI,MMRC,-,-,-,Y,-,-,-,-,-,-,-,-,-,-,,-,-,-,-,-,-,-,-,,Y,-,-,-,-,-,-,-,-,-,,-,-,Y,Y,-,Y
178,,UO GROUP/SECTION L/F MMRC,MMRC,,,,0,0,0,0,0,0,0,0,0,0,,0,0,0,0,0,0,0,0,0,0,0,0,0,0,,,,,-,DMCC,,,,-,0,,0,0,0,0,0,0,0,0,0,0,0,0,0,0,0,0,0,0,0,0,0,0,0,0,0,0,0,0,0,0,0,0,0,0,0,0,0,0,0,0,0,0,0,0,0,0,0,0,0,0,0,0,0,0,0,0,0,0,0,0,0,0,0,0,0,0,0,0,0,0,0,0,0,0,0,0,0,0,0,0,0,0,0,0,0,0,0,0,0,0,0,0,0,0,0,0,0,0,0,0,0,0,0,0,0,,0,0,0,0,0,0,0,0,0,0,0,0,0,0,0,0,,0,0,0,,,-,,,,-,-,1,-,-,-,-,1,SAFTI MI,MMRC,-,-,-,Y,-,-,-,-,-,-,-,-,-,-,,-,-,-,-,-,-,-,-,,Y,-,-,-,-,-,-,-,-,-,,-,-,-,-,-,
179,,UO GROUP/SECTION L/F MMRC RECCE,MULFAC,,-,-,15,3,3,1,1,,,,15,,Y,0,0,0,0,0,0,0,0,0,0,0,0,0,0,,Y,111217 0615,111217 2100,MULFAC,1,Y,111217 0600,111217 2359,PLAD,0,,0,14,20,0,0,0,14,20,0,0,0,0,0,0,0,0,0,0,0,0,0,0,0,0,0,0,0,0,0,0,0,0,0,0,0,0,0,0,0,0,0,0,0,0,0,0,0,0,0,0,0,0,0,0,0,0,0,0,0,0,0,0,0,0,0,0,0,0,0,0,0,0,0,0,0,0,0,0,0,0,0,0,0,0,0,0,0,0,0,0,0,0,0,0,0,0,0,0,0,0,0,0,0,0,0,Y,0,0,0,0,0,0,0,0,0,0,0,0,0,0,0,0,,0,0,0,,Y,-,,111217 0600,111217 2200,-,-,2,1,2,-,-,5,SAFTI MI,MULFAC,Y,-,-,Y,-,-,SAFTI MI,MULFAC,-,2,-,2-WAY,-,-,Y,-,-,-,-,-,-,-,-,,Y,-,-,-,-,-,-,-,-,-,,-,-,-,-,-,
180,,UO GROUP/SECTION L/F MULFAC,MULFAC,,-,-,0,0,0,0,0,0,0,0,0,0,,0,0,0,0,0,0,0,0,0,0,0,0,0,0,,,111217 0615,111217 2100,-,DMCC,,111217 0600,111217 2359,-,0,,0,0,0,0,0,0,0,0,0,0,0,0,0,0,0,0,0,0,0,0,0,0,0,0,0,0,0,0,0,0,0,0,0,0,0,0,0,0,0,0,0,0,0,0,0,0,0,0,0,0,0,0,0,0,0,0,0,0,0,0,0,0,0,0,0,0,0,0,0,0,0,0,0,0,0,0,0,0,0,0,0,0,0,0,0,0,0,0,0,0,0,0,0,0,0,0,0,0,0,0,0,0,0,0,0,,0,0,0,0,0,0,0,0,0,0,0,0,0,0,0,0,,0,0,0,,,-,,111217 0600,111217 2200,-,-,1,-,-,-,-,1,SAFTI MI,MULFAC,-,-,-,Y,-,-,-,-,-,-,-,-,-,-,,-,-,-,-,-,-,-,-,,Y,-,-,-,-,-,-,-,-,-,,-,-,-,-,-,
181,,UO GROUP/SECTION L/F MULFAC RECCE,MULFAC,,-,-,0,0,0,0,2,0,0,0,9,0,Y,0,0,0,0,0,0,0,0,0,0,0,0,0,0,,Y,,,MULFAC,1,Y,,,PLAD,0,,0,0,0,230,0,0,0,0,230,0,0,0,0,0,0,0,0,0,250,0,0,0,0,250,0,0,0,0,0,12,0,0,0,0,0,0,0,0,0,0,0,0,0,0,6,0,0,0,0,0,0,0,0,0,0,0,0,0,0,0,0,0,0,0,0,0,0,0,0,0,0,0,0,0,0,0,0,0,0,0,0,0,0,0,0,0,0,0,0,0,0,0,0,0,0,0,0,0,0,0,0,0,0,0,0,Y,0,0,0,0,0,0,0,0,0,0,0,0,0,0,0,0,,0,0,0,,Y,-,,,,-,-,2,1,2,-,-,5,SAFTI MI,MULFAC,Y,-,-,Y,-,-,SAFTI MI,MULFAC,-,2,-,2-WAY,-,-,Y,-,-,-,-,-,-,-,-,,Y,-,-,-,-,-,-,-,Y,-,Y,-,-,-,-,-,Y
182,,UO PLATOON L/F MULFAC,MULFAC,,-,-,0,0,0,0,0,0,0,0,0,0,,0,0,0,0,0,0,0,0,0,0,0,0,0,0,,,,,-,DMCC,,,,-,0,,0,0,0,0,0,0,0,0,0,0,0,0,0,0,0,0,0,0,0,0,0,0,0,0,0,0,0,0,0,0,0,0,0,0,0,0,0,0,0,0,0,0,0,0,0,0,0,0,0,0,0,0,0,0,0,0,0,0,0,0,0,0,0,0,0,0,0,0,0,0,0,0,0,0,0,0,0,0,0,0,0,0,0,0,0,0,0,0,0,0,0,0,0,0,0,0,0,0,0,0,0,0,0,0,0,,0,0,0,0,0,0,0,0,0,0,0,0,0,0,0,0,,0,0,0,,,-,,,,-,-,1,-,-,-,-,1,SAFTI MI,MULFAC,-,-,-,Y,-,-,-,-,-,-,-,-,-,-,,-,-,-,-,-,-,-,-,,Y,-,-,-,-,-,-,-,-,-,,-,-,-,-,-,
183,,UO PLATOON L/F MULFAC RECCE,SOC GROUND,,-,-,0,0,0,0,0,0,0,0,0,0,,0,0,0,0,0,0,0,0,0,0,0,0,0,0,,,,,SOC GROUND,1,Y,,,-,0,,0,0,0,0,0,0,0,0,0,0,0,0,0,0,0,0,0,0,0,0,0,0,0,0,0,0,0,0,0,0,0,0,0,0,0,0,0,0,0,0,0,0,0,0,0,0,0,0,0,0,0,0,0,0,0,0,0,0,0,0,0,0,0,0,0,0,0,0,0,0,0,0,0,0,0,0,0,0,0,0,0,0,0,0,0,0,0,0,0,0,0,0,0,0,0,0,0,0,0,0,0,0,0,0,0,,0,0,0,0,0,0,0,0,0,0,0,0,0,0,0,0,,0,0,0,,,-,,,,-,-,-,1,-,-,-,1,SAFTI MI,SAFTI MI,-,-,-,Y,-,-,-,-,-,-,-,-,-,-,,-,-,-,-,-,-,-,-,,Y,-,-,-,-,-,-,-,-,-,,-,Y,-,-,-,Y
184,,VOC,-,,-,-,0,0,0,0,0,0,0,0,0,0,,0,0,0,0,0,0,0,0,0,0,0,0,0,0,,,-,-,-,DMCC,,-,-,-,0,,0,0,0,0,0,0,0,0,0,0,0,0,0,0,0,0,0,0,0,0,0,0,0,0,0,0,0,0,0,0,0,0,0,0,0,0,0,0,0,0,0,0,0,0,0,0,0,0,0,0,0,0,0,0,0,0,0,0,0,0,0,0,0,0,0,0,0,0,0,0,0,0,0,0,0,0,0,0,0,0,0,0,0,0,0,0,0,0,0,0,0,0,0,0,0,0,0,0,0,0,0,0,0,0,0,,0,0,0,0,0,0,0,0,0,0,0,0,0,0,0,0,,0,0,0,,,-,,-,-,-,-,-,-,-,-,-,-,-,-,-,-,-,,-,-,-,-,-,-,-,-,-,-,,-,-,-,-,-,-,-,-,,,-,-,-,-,-,-,-,-,-,,-,-,-,-,-,
185,,WEIGHTS TRAINING,,,,,,,,,,,,,,,,,,,,,,,,,,,,,,,,,,,,,,,,,,,,,,,,,,,,,,,,,,,,,,,,,,,,,,,,,,,,,,,,,,,,,,,,,,,,,,,,,,,,,,,,,,,,,,,,,,,,,,,,,,,,,,,,,,,,,,,,,,,,,,,,,,,,,,,,,,,,,,,,,,,,,,,,,,,,,,-,-,1,1,1,,,3,,,,,,,,,,,,,,,,,,,,,,,,,,,,,,,,,,,,,,,,,,,
186,,GPMG L/F,Poyan 300M Range/ Kidney Hill/ Bajau/ Elephant Hill,,,,0,0,0,0,0,0,0,0,0,0,,0,0,0,0,0,0,0,0,0,0,0,0,0,0,,,,,"SAFTI MI (BLK 27, TWG)",1,Y,,,PLAD,-,,0,0,0,0,0,0,0,0,0,0,0,0,0,0,0,0,0,0,0,0,100,0,0,0,0,0,0,0,0,0,0,0,0,0,0,0,0,0,0,0,0,0,0,0,0,0,0,0,0,0,0,0,0,0,0,0,0,0,0,0,0,0,0,0,0,0,0,0,0,0,0,0,0,0,0,0,0,0,0,0,0,0,0,0,0,0,0,0,0,0,0,0,0,0,0,0,0,0,0,0,0,0,0,0,0,,0,0,0,0,0,0,0,0,0,0,0,0,0,0,0,0,,0,0,0,,,-,,-,-,1,-,1,1,1,-,1 SD LUV,3,"SAFTI MI (BLK 27, TWG)",Poyan 300M Range/ Kidney Hill/ Bajau/ Elephant Hill,1 X 5T ON 150526,-,-,Y,-,-,"SAFTI MI (BLK 27, TWG)",Poyan 300M Range/ Kidney Hill/ Bajau/ Elephant Hill,-,-,-,2-WAY,-,-,,-,-,-,-,-,-,-,-,,Y,-,-,-,-,-,-,-,-,-,,-,-,Y,Y,-,-
187,,BEEP TEST,,,,,,,,,,,,,,,,,,,,,,,,,,,,,,,,,,,,,,,,,,,,,,,,,,,,,,,,,,,,,,,,,,,,,,,,,,,,,,,,,,,,,,,,,,,,,,,,,,,,,,,,,,,,,,,,,,,,,,,,,,,,,,,,,,,,,,,,,,,,,,,,,,,,,,,,,,,,,,,,,,,,,,,,,,,,,,-,-,1,1,1,,,3,,,,,,,,,,,,,,,,,,,,,,,,,,,,,,,,,,,,,,,,,,,
188,,EX.COYOTE III,,,,,,,,,,,,,,,,,,,,,,,,,,,,,,,,,,,,,,,,,,,,,,,,,,,,,,,,,,,,,,,,,,,,,,,,,,,,,,,,,,,,,,,,,,,,,,,,,,,,,,,,,,,,,,,,,,,,,,,,,,,,,,,,,,,,,,,,,,,,,,,,,,,,,,,,,,,,,,,,,,,,,,,,,,,,,,-,-,,1,,,,1,,,,,,,,,,,,,,,,,,,,,,,,,,,,,,,,,,,,,,,,,,,
189,,INTERVAL FAST MARCH,,,,,,,,,,,,,,,,,,,,,,,,,,,,,,,,,,,,,,,,,,,,,,,,,,,,,,,,,,,,,,,,,,,,,,,,,,,,,,,,,,,,,,,,,,,,,,,,,,,,,,,,,,,,,,,,,,,,,,,,,,,,,,,,,,,,,,,,,,,,,,,,,,,,,,,,,,,,,,,,,,,,,,,,,,,,,,-,-,2,,,,SELF DRIVE,2,,,,,,,,,,,,,,,,,,,,,,,,,,,,,,,,,,,,,,,,,,,
190,,PTCO TIER 2,,,,,,,,,,,,,,,,,,,,,,,,,,,,,,,,,,,1,Y,,,,,,,,,,,,,,,,,,,,,,,,,,,,,,,,,,,,,,,,,,,,,,,,,,,,,,,,,,,,,,,,,,,,,,,,,,,,,,,,,,,,,,,,,,,,,,,,,,,,,,,,,,,,,,,,,,,,,,,,,,,,,,,,,,,,,,,,,,-,-,,,,,,,,,,,,,,,,,,,,,,,,,,,,,,,,,Y,,,,,,,,,,,,,,,,Y
191,,XAW RECCE,Rambutan Hill,,-,-,0,0,0,0,0,0,0,0,0,0,,0,0,0,0,0,0,0,0,0,0,0,0,0,0,,,,,-,DMCC,,,,-,-,,0,0,0,0,0,0,0,0,0,0,0,0,0,0,0,0,0,0,0,0,0,0,0,0,0,0,0,0,0,0,0,0,0,0,0,0,0,0,0,0,0,0,0,0,0,0,0,0,0,0,0,0,0,0,0,0,0,0,0,0,0,0,0,0,0,0,0,0,0,0,0,0,0,0,0,0,0,0,0,0,0,0,0,0,0,0,0,0,0,0,0,0,0,0,0,0,0,0,0,0,0,0,0,0,0,,0,0,0,0,0,0,0,0,0,0,0,0,0,0,0,0,,0,0,0,,,-,,-,-,1,-,-,-,-,-,SELF DRIVING,-,"SAFTI MI (BLK 27, TWG) ",SAFTI / Rambutan Hill,5T PARKOVER ON 130426,-,-,Y,-,-,-,-,-,-,-,-,-,-,,-,-,-,-,-,-,-,-,,Y,-,-,-,-,-,-,-,-,-,,-,-,Y,Y,-,
192,,Ex Adaptive Warrior ( CO + UO),"MPH, RUGBY FIELD, WARRIOR'S HALL",,-,-,0,1,1,1,1,0,0,0,0,0,,0,0,0,0,0,0,0,0,0,0,0,0,0,0,,Y,,,"SAFTI MI (BLK 27, TWG)",1,Y,,,PLAD,0,,10,0,0,0,0,0,0,0,0,0,0,0,0,0,0,0,0,0,0,0,0,0,0,0,0,0,0,0,0,0,0,0,0,0,0,0,0,0,0,0,0,0,0,0,0,0,0,0,0,0,0,0,0,0,0,0,0,0,0,0,0,0,0,0,0,0,0,0,0,0,0,0,0,0,0,0,0,0,0,10,0,0,0,0,0,0,0,0,0,0,0,0,0,0,0,0,0,0,0,0,0,0,0,0,0,,0,0,0,0,0,0,0,0,0,0,0,0,0,0,0,0,,0,0,0,,,-,,-,-,-,-,1,1,-,,,1,"SAFTI MI (BLK 27, TWG) ",SAFTI MI,,-,-,Y,,,"SAFTI MI (BLK 27, TWG) ",SAFTI,-,-,-,-,-,-,,-,-,-,-,-,-,-,-,,Y,-,-,-,-,-,-,-,-,-,,-,-,Y,Y,-,Y
192A,,Compass Course + PF LF,RAMBUTAN HILL,,-,-,0,1,1,1,1,0,0,0,0,0,,0,0,0,0,0,0,0,0,0,0,0,0,0,0,,Y,,,"SAFTI MI (BLK 27, TWG)",1,Y,,,PLAD,0,,10,0,0,0,0,0,0,0,0,0,0,0,0,0,0,0,0,0,0,0,0,0,0,0,0,0,0,0,0,0,0,0,0,0,0,0,0,0,0,0,0,0,0,0,0,0,0,0,0,0,0,0,0,0,0,0,0,0,0,0,1,0,0,0,0,0,0,0,0,0,0,0,0,0,0,0,0,0,0,10,0,0,0,0,0,0,0,0,0,0,0,0,0,0,0,0,0,0,0,0,0,0,0,0,0,,0,0,0,0,0,0,0,0,0,0,0,0,0,0,0,0,,0,0,0,,,-,,-,-,-,-,1,1,1,,,3,"SAFTI MI (BLK 27, TWG) ",SAFTI / Rambutan Hill,5T PARKOVER ON 130426,-,-,Y,,,"SAFTI MI (BLK 27, TWG) ",SAFTI/RAMBUTAN HILL,-,-,-,-,-,-,,-,-,-,-,-,-,-,-,,Y,-,-,-,-,-,-,-,-,-,,-,-,Y,Y,-,Y
193,,XRW RECCE,Tekong,,-,-,0,0,0,0,0,0,0,0,0,0,,0,0,0,0,0,0,0,0,0,0,0,0,0,0,,,,,-,DMCC,,,,-,-,,0,0,0,0,0,0,0,0,0,0,0,0,0,0,0,0,0,0,0,0,0,0,0,0,0,0,0,0,0,0,0,0,0,0,0,0,0,0,0,0,0,0,0,0,0,0,0,0,0,0,0,0,0,0,0,0,0,0,0,0,0,0,0,0,0,0,0,0,0,0,0,0,0,0,0,0,0,0,0,0,0,0,0,0,0,0,0,0,0,0,0,0,0,0,0,0,0,0,0,0,0,0,0,0,0,,0,0,0,0,0,0,0,0,0,0,0,0,0,0,0,0,,0,0,0,,,-,,-,-,-,-,1,-,-,-,SELF DRIVING,-,"SAFTI MI (BLK 27, TWG)",-,-,-,-,Y,-,-,-,-,-,-,-,-,-,-,,-,-,-,-,-,-,-,-,,Y,-,-,-,-,-,-,-,-,-,,-,-,-,-,-,-
194,,ARMY COMBAT FITNESS CHECK,SAFTI,,-,-,0,0,0,0,0,0,0,0,0,0,,0,0,0,0,0,0,0,0,0,0,0,0,0,0,,,,,SAFTI,1,,,,-,-,,0,0,0,0,0,0,0,0,0,0,0,0,0,0,0,0,0,0,0,0,0,0,0,0,0,0,0,0,0,0,0,0,0,0,0,0,0,0,0,0,0,0,0,0,0,0,0,0,0,0,0,0,0,0,0,0,0,0,0,0,0,0,0,0,0,0,0,0,0,0,0,0,0,0,0,0,0,0,0,0,0,0,0,0,0,0,0,0,0,0,0,0,0,0,0,0,0,0,0,0,0,0,0,0,0,,0,0,0,0,0,0,0,0,0,0,0,0,0,0,0,0,,0,0,0,,,-,,-,-,-,-,-,-,-,-,-,-,"SAFTI MI (BLK 27, TWG)",-,-,-,-,Y,-,-,-,-,-,-,-,-,-,-,,-,-,-,-,-,-,-,-,,Y,-,-,-,-,-,-,-,-,-,,-,-,-,-,-,-
195,,LMG QUALIFICATION SHOOT,MMRC,,-,-,0,0,0,0,0,0,0,0,0,0,,0,0,0,0,0,0,0,0,0,0,0,0,0,0,,,,,-,-,,,,PLAD,Drawn by MMRC,,0,0,0,0,0,55,0,0,0,0,0,0,0,0,0,0,0,0,0,0,0,0,0,0,0,0,0,0,0,0,0,0,0,0,0,0,0,0,0,0,0,0,0,0,0,0,0,0,0,0,0,0,0,0,0,0,0,0,0,0,0,0,0,0,0,0,0,0,0,0,0,0,0,0,0,0,0,0,0,0,0,0,0,0,0,0,0,0,0,0,0,0,0,0,0,0,0,0,0,0,0,0,0,0,0,,0,0,0,0,0,0,0,0,0,0,0,0,0,0,0,0,,0,0,0,,,-,,-,-,-,-,-,-,-,-,-,-,"SAFTI MI (BLK 27, TWG) ","SAFTI MI (BLK 27, TWG) ",-,-,-,Y,-,-,"SAFTI MI (BLK 27, TWG) ",MMRC,-,-,-,2-WAY,-,-,,-,-,-,-,-,-,-,-,,Y,-,-,-,-,-,-,-,-,-,,-,-,-,-,-,-
196,,NE TOUR,,,-,-,0,0,0,0,0,0,0,0,0,0,,0,0,0,0,0,0,0,0,0,0,0,0,0,0,,,,,-,-,,,,-,-,,0,0,0,0,0,0,0,0,0,0,0,0,0,0,0,0,0,0,0,0,0,0,0,0,0,0,0,0,0,0,0,0,0,0,0,0,0,0,0,0,0,0,0,0,0,0,0,0,0,0,0,0,0,0,0,0,0,0,0,0,0,0,0,0,0,0,0,0,0,0,0,0,0,0,0,0,0,0,0,0,0,0,0,0,0,0,0,0,0,0,0,0,0,0,0,0,0,0,0,0,0,0,0,0,0,,0,0,0,0,0,0,0,0,0,0,0,0,0,0,0,0,,0,0,0,,,-,,-,-,-,-,-,-,-,-,-,-,-,-,-,-,-,-,-,-,KRANJI WAR MEMORIAL,"SAFTI MI (BLK 27, TWG)",-,-,-,Disposal,-,-,,-,-,-,-,-,-,-,-,,Y,-,-,-,-,-,-,-,-,-,,-,-,-,-,-,-
197,,M203 L/F,M203 Range,,-,-,0,0,0,0,0,0,0,0,0,0,,0,0,0,0,0,0,0,0,0,0,0,0,0,0,,,,,"SAFTI MI (BLK 27, TWG)",1,Y,,,PLAD,-,,0,0,0,0,0,0,0,0,0,0,0,0,0,0,0,0,0,0,0,0,0,0,0,0,0,1,0,0,0,0,0,0,0,0,0,1,0,0,0,0,0,0,0,0,0,0,0,0,0,0,0,0,0,0,0,0,0,0,0,0,0,0,0,0,0,0,0,0,0,0,0,0,0,0,0,0,0,0,0,0,0,0,0,0,0,0,0,0,0,0,0,0,0,0,0,0,0,0,0,0,0,0,0,0,0,,0,0,0,0,0,0,0,0,0,0,0,0,0,0,0,0,,0,0,0,,,-,,-,-,1,-,1,1,1,-,1 SD LUV,3,"SAFTI MI (BLK 27, TWG) ",M203 Range,1 X 5 Ton on 140526,-,-,Y,-,-,"SAFTI MI (BLK 27, TWG) ",M203 Range,-,3,-,2-WAY,-,-,,-,-,-,-,-,-,-,-,,Y,-,-,-,-,-,-,-,-,-,,-,-,Y,Y,-,-
198,,PTCO JVLF,MMRC,,-,-,0,0,0,0,0,0,0,0,0,0,,0,0,0,0,0,0,0,0,0,0,0,0,0,0,,,,,-,-,,,,PLAD,Drawn by MMRC,,0,0,0,0,0,6,0,0,0,0,0,0,0,0,0,0,0,0,0,0,0,0,0,0,0,0,0,0,0,0,0,0,0,0,0,0,0,0,0,0,0,0,0,0,0,0,0,0,0,0,0,0,0,0,0,0,0,0,0,0,0,0,0,0,0,0,0,0,0,0,0,0,0,0,0,0,0,0,0,0,0,0,0,0,0,0,0,0,0,0,0,0,0,0,0,0,0,0,0,0,0,0,0,0,0,,0,0,0,0,0,0,0,0,0,0,0,0,0,0,0,0,,0,0,0,,,-,,-,-,1,-,-,-,-,-,1 SD LUV,-,"SAFTI MI (BLK 27, TWG)",-,-,1x SD LUV,-,Y,,,"SAFTI MI (BLK 27, TWG)",MMRC,-,3,-,2-WAY,-,-,,-,-,-,-,-,-,-,-,,Y,-,-,-,-,-,-,-,-,-,,-,-,Y,Y,-,-
